cluster_id,name,count,representative,representative_llm,representative_llm_free
0,PLANTED_IN,100,PLANTED_IN,PLANTED_IN,THIS_APPEARS_TO_BE_A_LIST_OF_RELATIONSHIPS_OR_PREDICATES_EXTRACTED_FROM_A_TEXT_LIKELY_RELATED_TO_AGRICULTURE_OR_GARDENING
0,CAN_BE_AFFECTED_BY,85,PLANTED_IN,PLANTED_IN,THIS_APPEARS_TO_BE_A_LIST_OF_RELATIONSHIPS_OR_PREDICATES_EXTRACTED_FROM_A_TEXT_LIKELY_RELATED_TO_AGRICULTURE_OR_GARDENING
0,IS_GROWN_IN,82,PLANTED_IN,PLANTED_IN,THIS_APPEARS_TO_BE_A_LIST_OF_RELATIONSHIPS_OR_PREDICATES_EXTRACTED_FROM_A_TEXT_LIKELY_RELATED_TO_AGRICULTURE_OR_GARDENING
0,IS_COVERED_WITH,39,PLANTED_IN,PLANTED_IN,THIS_APPEARS_TO_BE_A_LIST_OF_RELATIONSHIPS_OR_PREDICATES_EXTRACTED_FROM_A_TEXT_LIKELY_RELATED_TO_AGRICULTURE_OR_GARDENING
0,GROWS_IN,29,PLANTED_IN,PLANTED_IN,THIS_APPEARS_TO_BE_A_LIST_OF_RELATIONSHIPS_OR_PREDICATES_EXTRACTED_FROM_A_TEXT_LIKELY_RELATED_TO_AGRICULTURE_OR_GARDENING
0,TREATED_WITH,20,PLANTED_IN,PLANTED_IN,THIS_APPEARS_TO_BE_A_LIST_OF_RELATIONSHIPS_OR_PREDICATES_EXTRACTED_FROM_A_TEXT_LIKELY_RELATED_TO_AGRICULTURE_OR_GARDENING
0,USED_WITH,19,PLANTED_IN,PLANTED_IN,THIS_APPEARS_TO_BE_A_LIST_OF_RELATIONSHIPS_OR_PREDICATES_EXTRACTED_FROM_A_TEXT_LIKELY_RELATED_TO_AGRICULTURE_OR_GARDENING
0,REQUIRES,18,PLANTED_IN,PLANTED_IN,THIS_APPEARS_TO_BE_A_LIST_OF_RELATIONSHIPS_OR_PREDICATES_EXTRACTED_FROM_A_TEXT_LIKELY_RELATED_TO_AGRICULTURE_OR_GARDENING
0,CAN_BE_SOWN_IN,16,PLANTED_IN,PLANTED_IN,THIS_APPEARS_TO_BE_A_LIST_OF_RELATIONSHIPS_OR_PREDICATES_EXTRACTED_FROM_A_TEXT_LIKELY_RELATED_TO_AGRICULTURE_OR_GARDENING
0,IS_LOCATED_IN,15,PLANTED_IN,PLANTED_IN,THIS_APPEARS_TO_BE_A_LIST_OF_RELATIONSHIPS_OR_PREDICATES_EXTRACTED_FROM_A_TEXT_LIKELY_RELATED_TO_AGRICULTURE_OR_GARDENING
0,MENTIONED_ALONGSIDE,15,PLANTED_IN,PLANTED_IN,THIS_APPEARS_TO_BE_A_LIST_OF_RELATIONSHIPS_OR_PREDICATES_EXTRACTED_FROM_A_TEXT_LIKELY_RELATED_TO_AGRICULTURE_OR_GARDENING
0,IS_RELATED_TO,15,PLANTED_IN,PLANTED_IN,THIS_APPEARS_TO_BE_A_LIST_OF_RELATIONSHIPS_OR_PREDICATES_EXTRACTED_FROM_A_TEXT_LIKELY_RELATED_TO_AGRICULTURE_OR_GARDENING
0,HARVESTED_FROM,13,PLANTED_IN,PLANTED_IN,THIS_APPEARS_TO_BE_A_LIST_OF_RELATIONSHIPS_OR_PREDICATES_EXTRACTED_FROM_A_TEXT_LIKELY_RELATED_TO_AGRICULTURE_OR_GARDENING
0,IS_HARVESTED_IN,12,PLANTED_IN,PLANTED_IN,THIS_APPEARS_TO_BE_A_LIST_OF_RELATIONSHIPS_OR_PREDICATES_EXTRACTED_FROM_A_TEXT_LIKELY_RELATED_TO_AGRICULTURE_OR_GARDENING
0,HAS_GROWTH_STAGE,12,PLANTED_IN,PLANTED_IN,THIS_APPEARS_TO_BE_A_LIST_OF_RELATIONSHIPS_OR_PREDICATES_EXTRACTED_FROM_A_TEXT_LIKELY_RELATED_TO_AGRICULTURE_OR_GARDENING
0,PLANTED_WITH,12,PLANTED_IN,PLANTED_IN,THIS_APPEARS_TO_BE_A_LIST_OF_RELATIONSHIPS_OR_PREDICATES_EXTRACTED_FROM_A_TEXT_LIKELY_RELATED_TO_AGRICULTURE_OR_GARDENING
0,IS_A_VARIETY_OF,12,PLANTED_IN,PLANTED_IN,THIS_APPEARS_TO_BE_A_LIST_OF_RELATIONSHIPS_OR_PREDICATES_EXTRACTED_FROM_A_TEXT_LIKELY_RELATED_TO_AGRICULTURE_OR_GARDENING
0,PLANTED_AFTER,10,PLANTED_IN,PLANTED_IN,THIS_APPEARS_TO_BE_A_LIST_OF_RELATIONSHIPS_OR_PREDICATES_EXTRACTED_FROM_A_TEXT_LIKELY_RELATED_TO_AGRICULTURE_OR_GARDENING
0,USED_FOR,10,PLANTED_IN,PLANTED_IN,THIS_APPEARS_TO_BE_A_LIST_OF_RELATIONSHIPS_OR_PREDICATES_EXTRACTED_FROM_A_TEXT_LIKELY_RELATED_TO_AGRICULTURE_OR_GARDENING
0,CONTAINS,9,PLANTED_IN,PLANTED_IN,THIS_APPEARS_TO_BE_A_LIST_OF_RELATIONSHIPS_OR_PREDICATES_EXTRACTED_FROM_A_TEXT_LIKELY_RELATED_TO_AGRICULTURE_OR_GARDENING
0,GROWS_DURING,9,PLANTED_IN,PLANTED_IN,THIS_APPEARS_TO_BE_A_LIST_OF_RELATIONSHIPS_OR_PREDICATES_EXTRACTED_FROM_A_TEXT_LIKELY_RELATED_TO_AGRICULTURE_OR_GARDENING
0,CAN_BE_PLANTED_IN_MONTH,9,PLANTED_IN,PLANTED_IN,THIS_APPEARS_TO_BE_A_LIST_OF_RELATIONSHIPS_OR_PREDICATES_EXTRACTED_FROM_A_TEXT_LIKELY_RELATED_TO_AGRICULTURE_OR_GARDENING
0,IS_TYPE_OF,9,PLANTED_IN,PLANTED_IN,THIS_APPEARS_TO_BE_A_LIST_OF_RELATIONSHIPS_OR_PREDICATES_EXTRACTED_FROM_A_TEXT_LIKELY_RELATED_TO_AGRICULTURE_OR_GARDENING
0,USED_IN,9,PLANTED_IN,PLANTED_IN,THIS_APPEARS_TO_BE_A_LIST_OF_RELATIONSHIPS_OR_PREDICATES_EXTRACTED_FROM_A_TEXT_LIKELY_RELATED_TO_AGRICULTURE_OR_GARDENING
0,USED_IN_CONJUNCTION_WITH,9,PLANTED_IN,PLANTED_IN,THIS_APPEARS_TO_BE_A_LIST_OF_RELATIONSHIPS_OR_PREDICATES_EXTRACTED_FROM_A_TEXT_LIKELY_RELATED_TO_AGRICULTURE_OR_GARDENING
0,AFFECTED_BY_WEATHER_CONDITIONS,7,PLANTED_IN,PLANTED_IN,THIS_APPEARS_TO_BE_A_LIST_OF_RELATIONSHIPS_OR_PREDICATES_EXTRACTED_FROM_A_TEXT_LIKELY_RELATED_TO_AGRICULTURE_OR_GARDENING
0,AVAILABLE_IN,7,PLANTED_IN,PLANTED_IN,THIS_APPEARS_TO_BE_A_LIST_OF_RELATIONSHIPS_OR_PREDICATES_EXTRACTED_FROM_A_TEXT_LIKELY_RELATED_TO_AGRICULTURE_OR_GARDENING
0,IS_PART_OF,7,PLANTED_IN,PLANTED_IN,THIS_APPEARS_TO_BE_A_LIST_OF_RELATIONSHIPS_OR_PREDICATES_EXTRACTED_FROM_A_TEXT_LIKELY_RELATED_TO_AGRICULTURE_OR_GARDENING
0,IS_PROTECTED_FROM,7,PLANTED_IN,PLANTED_IN,THIS_APPEARS_TO_BE_A_LIST_OF_RELATIONSHIPS_OR_PREDICATES_EXTRACTED_FROM_A_TEXT_LIKELY_RELATED_TO_AGRICULTURE_OR_GARDENING
0,ARE_ASSOCIATED_WITH,6,PLANTED_IN,PLANTED_IN,THIS_APPEARS_TO_BE_A_LIST_OF_RELATIONSHIPS_OR_PREDICATES_EXTRACTED_FROM_A_TEXT_LIKELY_RELATED_TO_AGRICULTURE_OR_GARDENING
0,CONTINUE_TO_BE_TRANSPLANTED,6,PLANTED_IN,PLANTED_IN,THIS_APPEARS_TO_BE_A_LIST_OF_RELATIONSHIPS_OR_PREDICATES_EXTRACTED_FROM_A_TEXT_LIKELY_RELATED_TO_AGRICULTURE_OR_GARDENING
0,CROP_TYPE,6,PLANTED_IN,PLANTED_IN,THIS_APPEARS_TO_BE_A_LIST_OF_RELATIONSHIPS_OR_PREDICATES_EXTRACTED_FROM_A_TEXT_LIKELY_RELATED_TO_AGRICULTURE_OR_GARDENING
0,CROP_VARIETY,6,PLANTED_IN,PLANTED_IN,THIS_APPEARS_TO_BE_A_LIST_OF_RELATIONSHIPS_OR_PREDICATES_EXTRACTED_FROM_A_TEXT_LIKELY_RELATED_TO_AGRICULTURE_OR_GARDENING
0,GROWN_UNDER,6,PLANTED_IN,PLANTED_IN,THIS_APPEARS_TO_BE_A_LIST_OF_RELATIONSHIPS_OR_PREDICATES_EXTRACTED_FROM_A_TEXT_LIKELY_RELATED_TO_AGRICULTURE_OR_GARDENING
0,GROWTH_STAGE_OF,6,PLANTED_IN,PLANTED_IN,THIS_APPEARS_TO_BE_A_LIST_OF_RELATIONSHIPS_OR_PREDICATES_EXTRACTED_FROM_A_TEXT_LIKELY_RELATED_TO_AGRICULTURE_OR_GARDENING
0,HAS_VARIETY,6,PLANTED_IN,PLANTED_IN,THIS_APPEARS_TO_BE_A_LIST_OF_RELATIONSHIPS_OR_PREDICATES_EXTRACTED_FROM_A_TEXT_LIKELY_RELATED_TO_AGRICULTURE_OR_GARDENING
0,MANNES_CONTAIN,6,PLANTED_IN,PLANTED_IN,THIS_APPEARS_TO_BE_A_LIST_OF_RELATIONSHIPS_OR_PREDICATES_EXTRACTED_FROM_A_TEXT_LIKELY_RELATED_TO_AGRICULTURE_OR_GARDENING
0,PLACED_IN,6,PLANTED_IN,PLANTED_IN,THIS_APPEARS_TO_BE_A_LIST_OF_RELATIONSHIPS_OR_PREDICATES_EXTRACTED_FROM_A_TEXT_LIKELY_RELATED_TO_AGRICULTURE_OR_GARDENING
0,PLANTED_AT,6,PLANTED_IN,PLANTED_IN,THIS_APPEARS_TO_BE_A_LIST_OF_RELATIONSHIPS_OR_PREDICATES_EXTRACTED_FROM_A_TEXT_LIKELY_RELATED_TO_AGRICULTURE_OR_GARDENING
0,IS_REPLACED_BY,6,PLANTED_IN,PLANTED_IN,THIS_APPEARS_TO_BE_A_LIST_OF_RELATIONSHIPS_OR_PREDICATES_EXTRACTED_FROM_A_TEXT_LIKELY_RELATED_TO_AGRICULTURE_OR_GARDENING
0,IS_STORED_IN,6,PLANTED_IN,PLANTED_IN,THIS_APPEARS_TO_BE_A_LIST_OF_RELATIONSHIPS_OR_PREDICATES_EXTRACTED_FROM_A_TEXT_LIKELY_RELATED_TO_AGRICULTURE_OR_GARDENING
0,USED_BY,6,PLANTED_IN,PLANTED_IN,THIS_APPEARS_TO_BE_A_LIST_OF_RELATIONSHIPS_OR_PREDICATES_EXTRACTED_FROM_A_TEXT_LIKELY_RELATED_TO_AGRICULTURE_OR_GARDENING
0,AFFECTED_BY_WEATHER_CONDITION,5,PLANTED_IN,PLANTED_IN,THIS_APPEARS_TO_BE_A_LIST_OF_RELATIONSHIPS_OR_PREDICATES_EXTRACTED_FROM_A_TEXT_LIKELY_RELATED_TO_AGRICULTURE_OR_GARDENING
0,CULTIVATED_DURING,5,PLANTED_IN,PLANTED_IN,THIS_APPEARS_TO_BE_A_LIST_OF_RELATIONSHIPS_OR_PREDICATES_EXTRACTED_FROM_A_TEXT_LIKELY_RELATED_TO_AGRICULTURE_OR_GARDENING
0,IS_EQUIPPED_WITH,5,PLANTED_IN,PLANTED_IN,THIS_APPEARS_TO_BE_A_LIST_OF_RELATIONSHIPS_OR_PREDICATES_EXTRACTED_FROM_A_TEXT_LIKELY_RELATED_TO_AGRICULTURE_OR_GARDENING
0,FOLLOWS_LAYERS,5,PLANTED_IN,PLANTED_IN,THIS_APPEARS_TO_BE_A_LIST_OF_RELATIONSHIPS_OR_PREDICATES_EXTRACTED_FROM_A_TEXT_LIKELY_RELATED_TO_AGRICULTURE_OR_GARDENING
0,HARVESTED_AT,5,PLANTED_IN,PLANTED_IN,THIS_APPEARS_TO_BE_A_LIST_OF_RELATIONSHIPS_OR_PREDICATES_EXTRACTED_FROM_A_TEXT_LIKELY_RELATED_TO_AGRICULTURE_OR_GARDENING
0,HAS_COMPONENT,5,PLANTED_IN,PLANTED_IN,THIS_APPEARS_TO_BE_A_LIST_OF_RELATIONSHIPS_OR_PREDICATES_EXTRACTED_FROM_A_TEXT_LIKELY_RELATED_TO_AGRICULTURE_OR_GARDENING
0,PEST_AFFECTED_BY,5,PLANTED_IN,PLANTED_IN,THIS_APPEARS_TO_BE_A_LIST_OF_RELATIONSHIPS_OR_PREDICATES_EXTRACTED_FROM_A_TEXT_LIKELY_RELATED_TO_AGRICULTURE_OR_GARDENING
0,PEST_AFFECTS_CROP,5,PLANTED_IN,PLANTED_IN,THIS_APPEARS_TO_BE_A_LIST_OF_RELATIONSHIPS_OR_PREDICATES_EXTRACTED_FROM_A_TEXT_LIKELY_RELATED_TO_AGRICULTURE_OR_GARDENING
0,PLANTED_ALONGSIDE,5,PLANTED_IN,PLANTED_IN,THIS_APPEARS_TO_BE_A_LIST_OF_RELATIONSHIPS_OR_PREDICATES_EXTRACTED_FROM_A_TEXT_LIKELY_RELATED_TO_AGRICULTURE_OR_GARDENING
0,PLANTED_ON,5,PLANTED_IN,PLANTED_IN,THIS_APPEARS_TO_BE_A_LIST_OF_RELATIONSHIPS_OR_PREDICATES_EXTRACTED_FROM_A_TEXT_LIKELY_RELATED_TO_AGRICULTURE_OR_GARDENING
0,PRICED_AT,5,PLANTED_IN,PLANTED_IN,THIS_APPEARS_TO_BE_A_LIST_OF_RELATIONSHIPS_OR_PREDICATES_EXTRACTED_FROM_A_TEXT_LIKELY_RELATED_TO_AGRICULTURE_OR_GARDENING
0,CROP_VARIETY_RELATED_TO_CROP,4,PLANTED_IN,PLANTED_IN,THIS_APPEARS_TO_BE_A_LIST_OF_RELATIONSHIPS_OR_PREDICATES_EXTRACTED_FROM_A_TEXT_LIKELY_RELATED_TO_AGRICULTURE_OR_GARDENING
0,DIFFERS_IN_RUNNIG_FROM,4,PLANTED_IN,PLANTED_IN,THIS_APPEARS_TO_BE_A_LIST_OF_RELATIONSHIPS_OR_PREDICATES_EXTRACTED_FROM_A_TEXT_LIKELY_RELATED_TO_AGRICULTURE_OR_GARDENING
0,GROWN_ON,4,PLANTED_IN,PLANTED_IN,THIS_APPEARS_TO_BE_A_LIST_OF_RELATIONSHIPS_OR_PREDICATES_EXTRACTED_FROM_A_TEXT_LIKELY_RELATED_TO_AGRICULTURE_OR_GARDENING
0,INTERPLANTED_WITH,4,PLANTED_IN,PLANTED_IN,THIS_APPEARS_TO_BE_A_LIST_OF_RELATIONSHIPS_OR_PREDICATES_EXTRACTED_FROM_A_TEXT_LIKELY_RELATED_TO_AGRICULTURE_OR_GARDENING
0,MIXED_WITH,4,PLANTED_IN,PLANTED_IN,THIS_APPEARS_TO_BE_A_LIST_OF_RELATIONSHIPS_OR_PREDICATES_EXTRACTED_FROM_A_TEXT_LIKELY_RELATED_TO_AGRICULTURE_OR_GARDENING
0,NEW_CROP_AVAILABLE,4,PLANTED_IN,PLANTED_IN,THIS_APPEARS_TO_BE_A_LIST_OF_RELATIONSHIPS_OR_PREDICATES_EXTRACTED_FROM_A_TEXT_LIKELY_RELATED_TO_AGRICULTURE_OR_GARDENING
0,PLACED_ON,4,PLANTED_IN,PLANTED_IN,THIS_APPEARS_TO_BE_A_LIST_OF_RELATIONSHIPS_OR_PREDICATES_EXTRACTED_FROM_A_TEXT_LIKELY_RELATED_TO_AGRICULTURE_OR_GARDENING
0,PLANTED_IN_NOVEMBER,4,PLANTED_IN,PLANTED_IN,THIS_APPEARS_TO_BE_A_LIST_OF_RELATIONSHIPS_OR_PREDICATES_EXTRACTED_FROM_A_TEXT_LIKELY_RELATED_TO_AGRICULTURE_OR_GARDENING
0,PLANTED_UNDER,4,PLANTED_IN,PLANTED_IN,THIS_APPEARS_TO_BE_A_LIST_OF_RELATIONSHIPS_OR_PREDICATES_EXTRACTED_FROM_A_TEXT_LIKELY_RELATED_TO_AGRICULTURE_OR_GARDENING
0,RELATES_TO,4,PLANTED_IN,PLANTED_IN,THIS_APPEARS_TO_BE_A_LIST_OF_RELATIONSHIPS_OR_PREDICATES_EXTRACTED_FROM_A_TEXT_LIKELY_RELATED_TO_AGRICULTURE_OR_GARDENING
0,ARE_SOWN_IN_MONTH,4,PLANTED_IN,PLANTED_IN,THIS_APPEARS_TO_BE_A_LIST_OF_RELATIONSHIPS_OR_PREDICATES_EXTRACTED_FROM_A_TEXT_LIKELY_RELATED_TO_AGRICULTURE_OR_GARDENING
0,WATERED_WITH,4,PLANTED_IN,PLANTED_IN,THIS_APPEARS_TO_BE_A_LIST_OF_RELATIONSHIPS_OR_PREDICATES_EXTRACTED_FROM_A_TEXT_LIKELY_RELATED_TO_AGRICULTURE_OR_GARDENING
0,AFFECTED_BY_WEATHER,3,PLANTED_IN,PLANTED_IN,THIS_APPEARS_TO_BE_A_LIST_OF_RELATIONSHIPS_OR_PREDICATES_EXTRACTED_FROM_A_TEXT_LIKELY_RELATED_TO_AGRICULTURE_OR_GARDENING
0,AFFECTS,3,PLANTED_IN,PLANTED_IN,THIS_APPEARS_TO_BE_A_LIST_OF_RELATIONSHIPS_OR_PREDICATES_EXTRACTED_FROM_A_TEXT_LIKELY_RELATED_TO_AGRICULTURE_OR_GARDENING
0,AFFECTS_THE_GROWTH_OF,3,PLANTED_IN,PLANTED_IN,THIS_APPEARS_TO_BE_A_LIST_OF_RELATIONSHIPS_OR_PREDICATES_EXTRACTED_FROM_A_TEXT_LIKELY_RELATED_TO_AGRICULTURE_OR_GARDENING
0,AUTHORED_BY,3,PLANTED_IN,PLANTED_IN,THIS_APPEARS_TO_BE_A_LIST_OF_RELATIONSHIPS_OR_PREDICATES_EXTRACTED_FROM_A_TEXT_LIKELY_RELATED_TO_AGRICULTURE_OR_GARDENING
0,CROP_VARIEGES,3,PLANTED_IN,PLANTED_IN,THIS_APPEARS_TO_BE_A_LIST_OF_RELATIONSHIPS_OR_PREDICATES_EXTRACTED_FROM_A_TEXT_LIKELY_RELATED_TO_AGRICULTURE_OR_GARDENING
0,CULTIVATED,3,PLANTED_IN,PLANTED_IN,THIS_APPEARS_TO_BE_A_LIST_OF_RELATIONSHIPS_OR_PREDICATES_EXTRACTED_FROM_A_TEXT_LIKELY_RELATED_TO_AGRICULTURE_OR_GARDENING
0,CULTIVATED_ON,3,PLANTED_IN,PLANTED_IN,THIS_APPEARS_TO_BE_A_LIST_OF_RELATIONSHIPS_OR_PREDICATES_EXTRACTED_FROM_A_TEXT_LIKELY_RELATED_TO_AGRICULTURE_OR_GARDENING
0,DISEASE_AFFECTED_BY,3,PLANTED_IN,PLANTED_IN,THIS_APPEARS_TO_BE_A_LIST_OF_RELATIONSHIPS_OR_PREDICATES_EXTRACTED_FROM_A_TEXT_LIKELY_RELATED_TO_AGRICULTURE_OR_GARDENING
0,FOLLOWED_BY,3,PLANTED_IN,PLANTED_IN,THIS_APPEARS_TO_BE_A_LIST_OF_RELATIONSHIPS_OR_PREDICATES_EXTRACTED_FROM_A_TEXT_LIKELY_RELATED_TO_AGRICULTURE_OR_GARDENING
0,GROWN_BY,3,PLANTED_IN,PLANTED_IN,THIS_APPEARS_TO_BE_A_LIST_OF_RELATIONSHIPS_OR_PREDICATES_EXTRACTED_FROM_A_TEXT_LIKELY_RELATED_TO_AGRICULTURE_OR_GARDENING
0,IS_GROWN_BY_MARKET_GARDENERS_IN_LOCATION,3,PLANTED_IN,PLANTED_IN,THIS_APPEARS_TO_BE_A_LIST_OF_RELATIONSHIPS_OR_PREDICATES_EXTRACTED_FROM_A_TEXT_LIKELY_RELATED_TO_AGRICULTURE_OR_GARDENING
0,GROWN_WITH,3,PLANTED_IN,PLANTED_IN,THIS_APPEARS_TO_BE_A_LIST_OF_RELATIONSHIPS_OR_PREDICATES_EXTRACTED_FROM_A_TEXT_LIKELY_RELATED_TO_AGRICULTURE_OR_GARDENING
0,GROWS_UNDER,3,PLANTED_IN,PLANTED_IN,THIS_APPEARS_TO_BE_A_LIST_OF_RELATIONSHIPS_OR_PREDICATES_EXTRACTED_FROM_A_TEXT_LIKELY_RELATED_TO_AGRICULTURE_OR_GARDENING
0,-has_part-relationship,3,PLANTED_IN,PLANTED_IN,THIS_APPEARS_TO_BE_A_LIST_OF_RELATIONSHIPS_OR_PREDICATES_EXTRACTED_FROM_A_TEXT_LIKELY_RELATED_TO_AGRICULTURE_OR_GARDENING
0,HAS_PLANTING_DATE,3,PLANTED_IN,PLANTED_IN,THIS_APPEARS_TO_BE_A_LIST_OF_RELATIONSHIPS_OR_PREDICATES_EXTRACTED_FROM_A_TEXT_LIKELY_RELATED_TO_AGRICULTURE_OR_GARDENING
0,IS_IMPACTED_BY,3,PLANTED_IN,PLANTED_IN,THIS_APPEARS_TO_BE_A_LIST_OF_RELATIONSHIPS_OR_PREDICATES_EXTRACTED_FROM_A_TEXT_LIKELY_RELATED_TO_AGRICULTURE_OR_GARDENING
0,INTRODUCED_CROP_INTO_MARKET_GARDENING,3,PLANTED_IN,PLANTED_IN,THIS_APPEARS_TO_BE_A_LIST_OF_RELATIONSHIPS_OR_PREDICATES_EXTRACTED_FROM_A_TEXT_LIKELY_RELATED_TO_AGRICULTURE_OR_GARDENING
0,MADE_FROM,3,PLANTED_IN,PLANTED_IN,THIS_APPEARS_TO_BE_A_LIST_OF_RELATIONSHIPS_OR_PREDICATES_EXTRACTED_FROM_A_TEXT_LIKELY_RELATED_TO_AGRICULTURE_OR_GARDENING
0,IS_NOT_GROWN,3,PLANTED_IN,PLANTED_IN,THIS_APPEARS_TO_BE_A_LIST_OF_RELATIONSHIPS_OR_PREDICATES_EXTRACTED_FROM_A_TEXT_LIKELY_RELATED_TO_AGRICULTURE_OR_GARDENING
0,PLANTED_DURING,3,PLANTED_IN,PLANTED_IN,THIS_APPEARS_TO_BE_A_LIST_OF_RELATIONSHIPS_OR_PREDICATES_EXTRACTED_FROM_A_TEXT_LIKELY_RELATED_TO_AGRICULTURE_OR_GARDENING
0,PLANTED_IN_ROWS,3,PLANTED_IN,PLANTED_IN,THIS_APPEARS_TO_BE_A_LIST_OF_RELATIONSHIPS_OR_PREDICATES_EXTRACTED_FROM_A_TEXT_LIKELY_RELATED_TO_AGRICULTURE_OR_GARDENING
0,PLANTED_UNDER_SPECIFIC_CONDITIONS,3,PLANTED_IN,PLANTED_IN,THIS_APPEARS_TO_BE_A_LIST_OF_RELATIONSHIPS_OR_PREDICATES_EXTRACTED_FROM_A_TEXT_LIKELY_RELATED_TO_AGRICULTURE_OR_GARDENING
0,PLANTING_SCHEDULED_IN_MONTH_OF,3,PLANTED_IN,PLANTED_IN,THIS_APPEARS_TO_BE_A_LIST_OF_RELATIONSHIPS_OR_PREDICATES_EXTRACTED_FROM_A_TEXT_LIKELY_RELATED_TO_AGRICULTURE_OR_GARDENING
0,PRODUCES,3,PLANTED_IN,PLANTED_IN,THIS_APPEARS_TO_BE_A_LIST_OF_RELATIONSHIPS_OR_PREDICATES_EXTRACTED_FROM_A_TEXT_LIKELY_RELATED_TO_AGRICULTURE_OR_GARDENING
0,IS_PRONE_TO,3,PLANTED_IN,PLANTED_IN,THIS_APPEARS_TO_BE_A_LIST_OF_RELATIONSHIPS_OR_PREDICATES_EXTRACTED_FROM_A_TEXT_LIKELY_RELATED_TO_AGRICULTURE_OR_GARDENING
0,IS_PROTECTED_BY,3,PLANTED_IN,PLANTED_IN,THIS_APPEARS_TO_BE_A_LIST_OF_RELATIONSHIPS_OR_PREDICATES_EXTRACTED_FROM_A_TEXT_LIKELY_RELATED_TO_AGRICULTURE_OR_GARDENING
0,REMOVED_FROM,3,PLANTED_IN,PLANTED_IN,THIS_APPEARS_TO_BE_A_LIST_OF_RELATIONSHIPS_OR_PREDICATES_EXTRACTED_FROM_A_TEXT_LIKELY_RELATED_TO_AGRICULTURE_OR_GARDENING
0,REQUIRES_EQUIPMENT,3,PLANTED_IN,PLANTED_IN,THIS_APPEARS_TO_BE_A_LIST_OF_RELATIONSHIPS_OR_PREDICATES_EXTRACTED_FROM_A_TEXT_LIKELY_RELATED_TO_AGRICULTURE_OR_GARDENING
0,REQUIRES_PROTECTION_FROM,3,PLANTED_IN,PLANTED_IN,THIS_APPEARS_TO_BE_A_LIST_OF_RELATIONSHIPS_OR_PREDICATES_EXTRACTED_FROM_A_TEXT_LIKELY_RELATED_TO_AGRICULTURE_OR_GARDENING
0,REQUIRES_WATERING,3,PLANTED_IN,PLANTED_IN,THIS_APPEARS_TO_BE_A_LIST_OF_RELATIONSHIPS_OR_PREDICATES_EXTRACTED_FROM_A_TEXT_LIKELY_RELATED_TO_AGRICULTURE_OR_GARDENING
0,SAME_SPECIES_AS,3,PLANTED_IN,PLANTED_IN,THIS_APPEARS_TO_BE_A_LIST_OF_RELATIONSHIPS_OR_PREDICATES_EXTRACTED_FROM_A_TEXT_LIKELY_RELATED_TO_AGRICULTURE_OR_GARDENING
0,SEASONAL_AVAILABILITY,3,PLANTED_IN,PLANTED_IN,THIS_APPEARS_TO_BE_A_LIST_OF_RELATIONSHIPS_OR_PREDICATES_EXTRACTED_FROM_A_TEXT_LIKELY_RELATED_TO_AGRICULTURE_OR_GARDENING
0,SEED_CHARACTERISTIC,3,PLANTED_IN,PLANTED_IN,THIS_APPEARS_TO_BE_A_LIST_OF_RELATIONSHIPS_OR_PREDICATES_EXTRACTED_FROM_A_TEXT_LIKELY_RELATED_TO_AGRICULTURE_OR_GARDENING
0,SEED_PRODUCTION_PREREQUISITE,3,PLANTED_IN,PLANTED_IN,THIS_APPEARS_TO_BE_A_LIST_OF_RELATIONSHIPS_OR_PREDICATES_EXTRACTED_FROM_A_TEXT_LIKELY_RELATED_TO_AGRICULTURE_OR_GARDENING
0,SUPPORTED_BY,3,PLANTED_IN,PLANTED_IN,THIS_APPEARS_TO_BE_A_LIST_OF_RELATIONSHIPS_OR_PREDICATES_EXTRACTED_FROM_A_TEXT_LIKELY_RELATED_TO_AGRICULTURE_OR_GARDENING
0,TIME_OF_HARVESTING_RELATIONSHIP,3,PLANTED_IN,PLANTED_IN,THIS_APPEARS_TO_BE_A_LIST_OF_RELATIONSHIPS_OR_PREDICATES_EXTRACTED_FROM_A_TEXT_LIKELY_RELATED_TO_AGRICULTURE_OR_GARDENING
0,ARE_TRANSPLANTED_INTO_NURSERY,3,PLANTED_IN,PLANTED_IN,THIS_APPEARS_TO_BE_A_LIST_OF_RELATIONSHIPS_OR_PREDICATES_EXTRACTED_FROM_A_TEXT_LIKELY_RELATED_TO_AGRICULTURE_OR_GARDENING
0,TREATED_WITH_RELATIONSHIP,3,PLANTED_IN,PLANTED_IN,THIS_APPEARS_TO_BE_A_LIST_OF_RELATIONSHIPS_OR_PREDICATES_EXTRACTED_FROM_A_TEXT_LIKELY_RELATED_TO_AGRICULTURE_OR_GARDENING
0,USES_TO_MAKE_MULCH,3,PLANTED_IN,PLANTED_IN,THIS_APPEARS_TO_BE_A_LIST_OF_RELATIONSHIPS_OR_PREDICATES_EXTRACTED_FROM_A_TEXT_LIKELY_RELATED_TO_AGRICULTURE_OR_GARDENING
0,WATERED_BY,3,PLANTED_IN,PLANTED_IN,THIS_APPEARS_TO_BE_A_LIST_OF_RELATIONSHIPS_OR_PREDICATES_EXTRACTED_FROM_A_TEXT_LIKELY_RELATED_TO_AGRICULTURE_OR_GARDENING
0,WATERED_IN,3,PLANTED_IN,PLANTED_IN,THIS_APPEARS_TO_BE_A_LIST_OF_RELATIONSHIPS_OR_PREDICATES_EXTRACTED_FROM_A_TEXT_LIKELY_RELATED_TO_AGRICULTURE_OR_GARDENING
0,AFFECTED_BY_MELON_PRUNING,2,PLANTED_IN,PLANTED_IN,THIS_APPEARS_TO_BE_A_LIST_OF_RELATIONSHIPS_OR_PREDICATES_EXTRACTED_FROM_A_TEXT_LIKELY_RELATED_TO_AGRICULTURE_OR_GARDENING
0,AFFECTED_BY_PEST_OR_DISEASE,2,PLANTED_IN,PLANTED_IN,THIS_APPEARS_TO_BE_A_LIST_OF_RELATIONSHIPS_OR_PREDICATES_EXTRACTED_FROM_A_TEXT_LIKELY_RELATED_TO_AGRICULTURE_OR_GARDENING
0,AFFECTED_BY_TEMPERATURE,2,PLANTED_IN,PLANTED_IN,THIS_APPEARS_TO_BE_A_LIST_OF_RELATIONSHIPS_OR_PREDICATES_EXTRACTED_FROM_A_TEXT_LIKELY_RELATED_TO_AGRICULTURE_OR_GARDENING
0,BELONGS_TO,2,PLANTED_IN,PLANTED_IN,THIS_APPEARS_TO_BE_A_LIST_OF_RELATIONSHIPS_OR_PREDICATES_EXTRACTED_FROM_A_TEXT_LIKELY_RELATED_TO_AGRICULTURE_OR_GARDENING
0,IS_BENEFICIAL_FOR,2,PLANTED_IN,PLANTED_IN,THIS_APPEARS_TO_BE_A_LIST_OF_RELATIONSHIPS_OR_PREDICATES_EXTRACTED_FROM_A_TEXT_LIKELY_RELATED_TO_AGRICULTURE_OR_GARDENING
0,BLANCHED_USING,2,PLANTED_IN,PLANTED_IN,THIS_APPEARS_TO_BE_A_LIST_OF_RELATIONSHIPS_OR_PREDICATES_EXTRACTED_FROM_A_TEXT_LIKELY_RELATED_TO_AGRICULTURE_OR_GARDENING
0,CARRIED_ON,2,PLANTED_IN,PLANTED_IN,THIS_APPEARS_TO_BE_A_LIST_OF_RELATIONSHIPS_OR_PREDICATES_EXTRACTED_FROM_A_TEXT_LIKELY_RELATED_TO_AGRICULTURE_OR_GARDENING
0,CARRIES,2,PLANTED_IN,PLANTED_IN,THIS_APPEARS_TO_BE_A_LIST_OF_RELATIONSHIPS_OR_PREDICATES_EXTRACTED_FROM_A_TEXT_LIKELY_RELATED_TO_AGRICULTURE_OR_GARDENING
0,CATEGORY_OF,2,PLANTED_IN,PLANTED_IN,THIS_APPEARS_TO_BE_A_LIST_OF_RELATIONSHIPS_OR_PREDICATES_EXTRACTED_FROM_A_TEXT_LIKELY_RELATED_TO_AGRICULTURE_OR_GARDENING
0,CAUSES_CONDITION,2,PLANTED_IN,PLANTED_IN,THIS_APPEARS_TO_BE_A_LIST_OF_RELATIONSHIPS_OR_PREDICATES_EXTRACTED_FROM_A_TEXT_LIKELY_RELATED_TO_AGRICULTURE_OR_GARDENING
0,CLASSIFIED_UNDER,2,PLANTED_IN,PLANTED_IN,THIS_APPEARS_TO_BE_A_LIST_OF_RELATIONSHIPS_OR_PREDICATES_EXTRACTED_FROM_A_TEXT_LIKELY_RELATED_TO_AGRICULTURE_OR_GARDENING
0,COLLAR_SUNK_INTO_GROUND,2,PLANTED_IN,PLANTED_IN,THIS_APPEARS_TO_BE_A_LIST_OF_RELATIONSHIPS_OR_PREDICATES_EXTRACTED_FROM_A_TEXT_LIKELY_RELATED_TO_AGRICULTURE_OR_GARDENING
0,COMPANION_PLANT_FOR,2,PLANTED_IN,PLANTED_IN,THIS_APPEARS_TO_BE_A_LIST_OF_RELATIONSHIPS_OR_PREDICATES_EXTRACTED_FROM_A_TEXT_LIKELY_RELATED_TO_AGRICULTURE_OR_GARDENING
0,IS_COMPARED_TO,2,PLANTED_IN,PLANTED_IN,THIS_APPEARS_TO_BE_A_LIST_OF_RELATIONSHIPS_OR_PREDICATES_EXTRACTED_FROM_A_TEXT_LIKELY_RELATED_TO_AGRICULTURE_OR_GARDENING
0,CONTAINS_SEEDS,2,PLANTED_IN,PLANTED_IN,THIS_APPEARS_TO_BE_A_LIST_OF_RELATIONSHIPS_OR_PREDICATES_EXTRACTED_FROM_A_TEXT_LIKELY_RELATED_TO_AGRICULTURE_OR_GARDENING
0,CONTAINS_SPECIES,2,PLANTED_IN,PLANTED_IN,THIS_APPEARS_TO_BE_A_LIST_OF_RELATIONSHIPS_OR_PREDICATES_EXTRACTED_FROM_A_TEXT_LIKELY_RELATED_TO_AGRICULTURE_OR_GARDENING
0,CONTAINS_VARIETIES,2,PLANTED_IN,PLANTED_IN,THIS_APPEARS_TO_BE_A_LIST_OF_RELATIONSHIPS_OR_PREDICATES_EXTRACTED_FROM_A_TEXT_LIKELY_RELATED_TO_AGRICULTURE_OR_GARDENING
0,COSTS,2,PLANTED_IN,PLANTED_IN,THIS_APPEARS_TO_BE_A_LIST_OF_RELATIONSHIPS_OR_PREDICATES_EXTRACTED_FROM_A_TEXT_LIKELY_RELATED_TO_AGRICULTURE_OR_GARDENING
0,COSTS_ASSOCIATED_WITH_EQUIPMENT,2,PLANTED_IN,PLANTED_IN,THIS_APPEARS_TO_BE_A_LIST_OF_RELATIONSHIPS_OR_PREDICATES_EXTRACTED_FROM_A_TEXT_LIKELY_RELATED_TO_AGRICULTURE_OR_GARDENING
0,COVERED_BY,2,PLANTED_IN,PLANTED_IN,THIS_APPEARS_TO_BE_A_LIST_OF_RELATIONSHIPS_OR_PREDICATES_EXTRACTED_FROM_A_TEXT_LIKELY_RELATED_TO_AGRICULTURE_OR_GARDENING
0,CROP_GROWN,2,PLANTED_IN,PLANTED_IN,THIS_APPEARS_TO_BE_A_LIST_OF_RELATIONSHIPS_OR_PREDICATES_EXTRACTED_FROM_A_TEXT_LIKELY_RELATED_TO_AGRICULTURE_OR_GARDENING
0,CROP_VARIEIES,2,PLANTED_IN,PLANTED_IN,THIS_APPEARS_TO_BE_A_LIST_OF_RELATIONSHIPS_OR_PREDICATES_EXTRACTED_FROM_A_TEXT_LIKELY_RELATED_TO_AGRICULTURE_OR_GARDENING
0,CULTIVATED_AS,2,PLANTED_IN,PLANTED_IN,THIS_APPEARS_TO_BE_A_LIST_OF_RELATIONSHIPS_OR_PREDICATES_EXTRACTED_FROM_A_TEXT_LIKELY_RELATED_TO_AGRICULTURE_OR_GARDENING
0,CULTIVATED_AT,2,PLANTED_IN,PLANTED_IN,THIS_APPEARS_TO_BE_A_LIST_OF_RELATIONSHIPS_OR_PREDICATES_EXTRACTED_FROM_A_TEXT_LIKELY_RELATED_TO_AGRICULTURE_OR_GARDENING
0,CULTIVATED_BY,2,PLANTED_IN,PLANTED_IN,THIS_APPEARS_TO_BE_A_LIST_OF_RELATIONSHIPS_OR_PREDICATES_EXTRACTED_FROM_A_TEXT_LIKELY_RELATED_TO_AGRICULTURE_OR_GARDENING
0,CULTIVATED_IN,2,PLANTED_IN,PLANTED_IN,THIS_APPEARS_TO_BE_A_LIST_OF_RELATIONSHIPS_OR_PREDICATES_EXTRACTED_FROM_A_TEXT_LIKELY_RELATED_TO_AGRICULTURE_OR_GARDENING
0,CULTIVATED_UNTIL,2,PLANTED_IN,PLANTED_IN,THIS_APPEARS_TO_BE_A_LIST_OF_RELATIONSHIPS_OR_PREDICATES_EXTRACTED_FROM_A_TEXT_LIKELY_RELATED_TO_AGRICULTURE_OR_GARDENING
0,CULTIVATED_USING,2,PLANTED_IN,PLANTED_IN,THIS_APPEARS_TO_BE_A_LIST_OF_RELATIONSHIPS_OR_PREDICATES_EXTRACTED_FROM_A_TEXT_LIKELY_RELATED_TO_AGRICULTURE_OR_GARDENING
0,CUT_AT,2,PLANTED_IN,PLANTED_IN,THIS_APPEARS_TO_BE_A_LIST_OF_RELATIONSHIPS_OR_PREDICATES_EXTRACTED_FROM_A_TEXT_LIKELY_RELATED_TO_AGRICULTURE_OR_GARDENING
0,IS_DIFFICULT_TO_DETERMINE_FOR,2,PLANTED_IN,PLANTED_IN,THIS_APPEARS_TO_BE_A_LIST_OF_RELATIONSHIPS_OR_PREDICATES_EXTRACTED_FROM_A_TEXT_LIKELY_RELATED_TO_AGRICULTURE_OR_GARDENING
0,DISEASE_AFFECTS_CROP,2,PLANTED_IN,PLANTED_IN,THIS_APPEARS_TO_BE_A_LIST_OF_RELATIONSHIPS_OR_PREDICATES_EXTRACTED_FROM_A_TEXT_LIKELY_RELATED_TO_AGRICULTURE_OR_GARDENING
0,FARMING_PRACTICE_RELATED,2,PLANTED_IN,PLANTED_IN,THIS_APPEARS_TO_BE_A_LIST_OF_RELATIONSHIPS_OR_PREDICATES_EXTRACTED_FROM_A_TEXT_LIKELY_RELATED_TO_AGRICULTURE_OR_GARDENING
0,FOUND_IN,2,PLANTED_IN,PLANTED_IN,THIS_APPEARS_TO_BE_A_LIST_OF_RELATIONSHIPS_OR_PREDICATES_EXTRACTED_FROM_A_TEXT_LIKELY_RELATED_TO_AGRICULTURE_OR_GARDENING
0,GENERATED_FROM,2,PLANTED_IN,PLANTED_IN,THIS_APPEARS_TO_BE_A_LIST_OF_RELATIONSHIPS_OR_PREDICATES_EXTRACTED_FROM_A_TEXT_LIKELY_RELATED_TO_AGRICULTURE_OR_GARDENING
0,GERMINATES_FOR,2,PLANTED_IN,PLANTED_IN,THIS_APPEARS_TO_BE_A_LIST_OF_RELATIONSHIPS_OR_PREDICATES_EXTRACTED_FROM_A_TEXT_LIKELY_RELATED_TO_AGRICULTURE_OR_GARDENING
0,GREENER_THAN,2,PLANTED_IN,PLANTED_IN,THIS_APPEARS_TO_BE_A_LIST_OF_RELATIONSHIPS_OR_PREDICATES_EXTRACTED_FROM_A_TEXT_LIKELY_RELATED_TO_AGRICULTURE_OR_GARDENING
0,GROWN_AFTER,2,PLANTED_IN,PLANTED_IN,THIS_APPEARS_TO_BE_A_LIST_OF_RELATIONSHIPS_OR_PREDICATES_EXTRACTED_FROM_A_TEXT_LIKELY_RELATED_TO_AGRICULTURE_OR_GARDENING
0,GROWN_FROM,2,PLANTED_IN,PLANTED_IN,THIS_APPEARS_TO_BE_A_LIST_OF_RELATIONSHIPS_OR_PREDICATES_EXTRACTED_FROM_A_TEXT_LIKELY_RELATED_TO_AGRICULTURE_OR_GARDENING
0,GROWN_IN.SEASON,2,PLANTED_IN,PLANTED_IN,THIS_APPEARS_TO_BE_A_LIST_OF_RELATIONSHIPS_OR_PREDICATES_EXTRACTED_FROM_A_TEXT_LIKELY_RELATED_TO_AGRICULTURE_OR_GARDENING
0,GROWS_AT_HEIGHT_OF,2,PLANTED_IN,PLANTED_IN,THIS_APPEARS_TO_BE_A_LIST_OF_RELATIONSHIPS_OR_PREDICATES_EXTRACTED_FROM_A_TEXT_LIKELY_RELATED_TO_AGRICULTURE_OR_GARDENING
0,GROWS_TO,2,PLANTED_IN,PLANTED_IN,THIS_APPEARS_TO_BE_A_LIST_OF_RELATIONSHIPS_OR_PREDICATES_EXTRACTED_FROM_A_TEXT_LIKELY_RELATED_TO_AGRICULTURE_OR_GARDENING
0,GROWS_TO_HEIGHT_OF,2,PLANTED_IN,PLANTED_IN,THIS_APPEARS_TO_BE_A_LIST_OF_RELATIONSHIPS_OR_PREDICATES_EXTRACTED_FROM_A_TEXT_LIKELY_RELATED_TO_AGRICULTURE_OR_GARDENING
0,GROWTH_STAGE_RELATED_TO_GROWTH_STAGE,2,PLANTED_IN,PLANTED_IN,THIS_APPEARS_TO_BE_A_LIST_OF_RELATIONSHIPS_OR_PREDICATES_EXTRACTED_FROM_A_TEXT_LIKELY_RELATED_TO_AGRICULTURE_OR_GARDENING
0,GROWTH_STAGE_TRANSITION,2,PLANTED_IN,PLANTED_IN,THIS_APPEARS_TO_BE_A_LIST_OF_RELATIONSHIPS_OR_PREDICATES_EXTRACTED_FROM_A_TEXT_LIKELY_RELATED_TO_AGRICULTURE_OR_GARDENING
0,HARVEST_DATE,2,PLANTED_IN,PLANTED_IN,THIS_APPEARS_TO_BE_A_LIST_OF_RELATIONSHIPS_OR_PREDICATES_EXTRACTED_FROM_A_TEXT_LIKELY_RELATED_TO_AGRICULTURE_OR_GARDENING
0,HAS_COST,2,PLANTED_IN,PLANTED_IN,THIS_APPEARS_TO_BE_A_LIST_OF_RELATIONSHIPS_OR_PREDICATES_EXTRACTED_FROM_A_TEXT_LIKELY_RELATED_TO_AGRICULTURE_OR_GARDENING
0,HAS_COSTLY_FEEDING_PRACTICE,2,PLANTED_IN,PLANTED_IN,THIS_APPEARS_TO_BE_A_LIST_OF_RELATIONSHIPS_OR_PREDICATES_EXTRACTED_FROM_A_TEXT_LIKELY_RELATED_TO_AGRICULTURE_OR_GARDENING
0,HAS_DIFFERENT_CHARACTERISTICS_THAN,2,PLANTED_IN,PLANTED_IN,THIS_APPEARS_TO_BE_A_LIST_OF_RELATIONSHIPS_OR_PREDICATES_EXTRACTED_FROM_A_TEXT_LIKELY_RELATED_TO_AGRICULTURE_OR_GARDENING
0, HAS_ROOT,2,PLANTED_IN,PLANTED_IN,THIS_APPEARS_TO_BE_A_LIST_OF_RELATIONSHIPS_OR_PREDICATES_EXTRACTED_FROM_A_TEXT_LIKELY_RELATED_TO_AGRICULTURE_OR_GARDENING
0,HAS_TIME_TO_MATURITY,2,PLANTED_IN,PLANTED_IN,THIS_APPEARS_TO_BE_A_LIST_OF_RELATIONSHIPS_OR_PREDICATES_EXTRACTED_FROM_A_TEXT_LIKELY_RELATED_TO_AGRICULTURE_OR_GARDENING
0,HAS_VALUE_BETWEEN,2,PLANTED_IN,PLANTED_IN,THIS_APPEARS_TO_BE_A_LIST_OF_RELATIONSHIPS_OR_PREDICATES_EXTRACTED_FROM_A_TEXT_LIKELY_RELATED_TO_AGRICULTURE_OR_GARDENING
0,HAVE_AVERAGE_COST_OF,2,PLANTED_IN,PLANTED_IN,THIS_APPEARS_TO_BE_A_LIST_OF_RELATIONSHIPS_OR_PREDICATES_EXTRACTED_FROM_A_TEXT_LIKELY_RELATED_TO_AGRICULTURE_OR_GARDENING
0,HAVE_COMMON_PARTS,2,PLANTED_IN,PLANTED_IN,THIS_APPEARS_TO_BE_A_LIST_OF_RELATIONSHIPS_OR_PREDICATES_EXTRACTED_FROM_A_TEXT_LIKELY_RELATED_TO_AGRICULTURE_OR_GARDENING
0,CAN_BE_IRRIGATED_WITH,2,PLANTED_IN,PLANTED_IN,THIS_APPEARS_TO_BE_A_LIST_OF_RELATIONSHIPS_OR_PREDICATES_EXTRACTED_FROM_A_TEXT_LIKELY_RELATED_TO_AGRICULTURE_OR_GARDENING
0,IRRIGATION_METHOD,2,PLANTED_IN,PLANTED_IN,THIS_APPEARS_TO_BE_A_LIST_OF_RELATIONSHIPS_OR_PREDICATES_EXTRACTED_FROM_A_TEXT_LIKELY_RELATED_TO_AGRICULTURE_OR_GARDENING
0,CAN_BE_LEFT_IN,2,PLANTED_IN,PLANTED_IN,THIS_APPEARS_TO_BE_A_LIST_OF_RELATIONSHIPS_OR_PREDICATES_EXTRACTED_FROM_A_TEXT_LIKELY_RELATED_TO_AGRICULTURE_OR_GARDENING
0,MADE_OF,2,PLANTED_IN,PLANTED_IN,THIS_APPEARS_TO_BE_A_LIST_OF_RELATIONSHIPS_OR_PREDICATES_EXTRACTED_FROM_A_TEXT_LIKELY_RELATED_TO_AGRICULTURE_OR_GARDENING
0,MANURE_TYPE_COMPARISON,2,PLANTED_IN,PLANTED_IN,THIS_APPEARS_TO_BE_A_LIST_OF_RELATIONSHIPS_OR_PREDICATES_EXTRACTED_FROM_A_TEXT_LIKELY_RELATED_TO_AGRICULTURE_OR_GARDENING
0,NEED_ATTENTION,2,PLANTED_IN,PLANTED_IN,THIS_APPEARS_TO_BE_A_LIST_OF_RELATIONSHIPS_OR_PREDICATES_EXTRACTED_FROM_A_TEXT_LIKELY_RELATED_TO_AGRICULTURE_OR_GARDENING
0,IS_NEEDED_TO_FERTILIZE,2,PLANTED_IN,PLANTED_IN,THIS_APPEARS_TO_BE_A_LIST_OF_RELATIONSHIPS_OR_PREDICATES_EXTRACTED_FROM_A_TEXT_LIKELY_RELATED_TO_AGRICULTURE_OR_GARDENING
0,NEEDS,2,PLANTED_IN,PLANTED_IN,THIS_APPEARS_TO_BE_A_LIST_OF_RELATIONSHIPS_OR_PREDICATES_EXTRACTED_FROM_A_TEXT_LIKELY_RELATED_TO_AGRICULTURE_OR_GARDENING
0,IS_ORIGINATED_FROM,2,PLANTED_IN,PLANTED_IN,THIS_APPEARS_TO_BE_A_LIST_OF_RELATIONSHIPS_OR_PREDICATES_EXTRACTED_FROM_A_TEXT_LIKELY_RELATED_TO_AGRICULTURE_OR_GARDENING
0,OTHER_VARIETY_OF,2,PLANTED_IN,PLANTED_IN,THIS_APPEARS_TO_BE_A_LIST_OF_RELATIONSHIPS_OR_PREDICATES_EXTRACTED_FROM_A_TEXT_LIKELY_RELATED_TO_AGRICULTURE_OR_GARDENING
0,PICKED_AND_READY,2,PLANTED_IN,PLANTED_IN,THIS_APPEARS_TO_BE_A_LIST_OF_RELATIONSHIPS_OR_PREDICATES_EXTRACTED_FROM_A_TEXT_LIKELY_RELATED_TO_AGRICULTURE_OR_GARDENING
0,PLACED_ON_TOP_OF,2,PLANTED_IN,PLANTED_IN,THIS_APPEARS_TO_BE_A_LIST_OF_RELATIONSHIPS_OR_PREDICATES_EXTRACTED_FROM_A_TEXT_LIKELY_RELATED_TO_AGRICULTURE_OR_GARDENING
0,PLANTED_AFTER_EMPTYING_LAYER,2,PLANTED_IN,PLANTED_IN,THIS_APPEARS_TO_BE_A_LIST_OF_RELATIONSHIPS_OR_PREDICATES_EXTRACTED_FROM_A_TEXT_LIKELY_RELATED_TO_AGRICULTURE_OR_GARDENING
0,PLANTED_BEFORE,2,PLANTED_IN,PLANTED_IN,THIS_APPEARS_TO_BE_A_LIST_OF_RELATIONSHIPS_OR_PREDICATES_EXTRACTED_FROM_A_TEXT_LIKELY_RELATED_TO_AGRICULTURE_OR_GARDENING
0,PLANTED_BY,2,PLANTED_IN,PLANTED_IN,THIS_APPEARS_TO_BE_A_LIST_OF_RELATIONSHIPS_OR_PREDICATES_EXTRACTED_FROM_A_TEXT_LIKELY_RELATED_TO_AGRICULTURE_OR_GARDENING
0,PLANTED_IN_FULL_SQUARES,2,PLANTED_IN,PLANTED_IN,THIS_APPEARS_TO_BE_A_LIST_OF_RELATIONSHIPS_OR_PREDICATES_EXTRACTED_FROM_A_TEXT_LIKELY_RELATED_TO_AGRICULTURE_OR_GARDENING
0,PLANTED_IN_MONTH_AFTER_SPECIFIC_DATE,2,PLANTED_IN,PLANTED_IN,THIS_APPEARS_TO_BE_A_LIST_OF_RELATIONSHIPS_OR_PREDICATES_EXTRACTED_FROM_A_TEXT_LIKELY_RELATED_TO_AGRICULTURE_OR_GARDENING
0,PLANTED_IN_PLACE,2,PLANTED_IN,PLANTED_IN,THIS_APPEARS_TO_BE_A_LIST_OF_RELATIONSHIPS_OR_PREDICATES_EXTRACTED_FROM_A_TEXT_LIKELY_RELATED_TO_AGRICULTURE_OR_GARDENING
0,PLANTED_IN_SEASON,2,PLANTED_IN,PLANTED_IN,THIS_APPEARS_TO_BE_A_LIST_OF_RELATIONSHIPS_OR_PREDICATES_EXTRACTED_FROM_A_TEXT_LIKELY_RELATED_TO_AGRICULTURE_OR_GARDENING
0,PLANTING_SCHEDULE,2,PLANTED_IN,PLANTED_IN,THIS_APPEARS_TO_BE_A_LIST_OF_RELATIONSHIPS_OR_PREDICATES_EXTRACTED_FROM_A_TEXT_LIKELY_RELATED_TO_AGRICULTURE_OR_GARDENING
0,PRACTICED_IN,2,PLANTED_IN,PLANTED_IN,THIS_APPEARS_TO_BE_A_LIST_OF_RELATIONSHIPS_OR_PREDICATES_EXTRACTED_FROM_A_TEXT_LIKELY_RELATED_TO_AGRICULTURE_OR_GARDENING
0,PREFERRED_FOR,2,PLANTED_IN,PLANTED_IN,THIS_APPEARS_TO_BE_A_LIST_OF_RELATIONSHIPS_OR_PREDICATES_EXTRACTED_FROM_A_TEXT_LIKELY_RELATED_TO_AGRICULTURE_OR_GARDENING
0,PREFERRED_OVER,2,PLANTED_IN,PLANTED_IN,THIS_APPEARS_TO_BE_A_LIST_OF_RELATIONSHIPS_OR_PREDICATES_EXTRACTED_FROM_A_TEXT_LIKELY_RELATED_TO_AGRICULTURE_OR_GARDENING
0,PREPARED_FOR_TRANSPLANTING,2,PLANTED_IN,PLANTED_IN,THIS_APPEARS_TO_BE_A_LIST_OF_RELATIONSHIPS_OR_PREDICATES_EXTRACTED_FROM_A_TEXT_LIKELY_RELATED_TO_AGRICULTURE_OR_GARDENING
0,PRODUCES_HEAD_IN,2,PLANTED_IN,PLANTED_IN,THIS_APPEARS_TO_BE_A_LIST_OF_RELATIONSHIPS_OR_PREDICATES_EXTRACTED_FROM_A_TEXT_LIKELY_RELATED_TO_AGRICULTURE_OR_GARDENING
0,PRODUCES_SEEDS_WITH_SIMILAR_CHARACTERISTICS,2,PLANTED_IN,PLANTED_IN,THIS_APPEARS_TO_BE_A_LIST_OF_RELATIONSHIPS_OR_PREDICATES_EXTRACTED_FROM_A_TEXT_LIKELY_RELATED_TO_AGRICULTURE_OR_GARDENING
0,PROTECTED_WITH,2,PLANTED_IN,PLANTED_IN,THIS_APPEARS_TO_BE_A_LIST_OF_RELATIONSHIPS_OR_PREDICATES_EXTRACTED_FROM_A_TEXT_LIKELY_RELATED_TO_AGRICULTURE_OR_GARDENING
0,RAISED_ON,2,PLANTED_IN,PLANTED_IN,THIS_APPEARS_TO_BE_A_LIST_OF_RELATIONSHIPS_OR_PREDICATES_EXTRACTED_FROM_A_TEXT_LIKELY_RELATED_TO_AGRICULTURE_OR_GARDENING
0,RECOMMENDED_FOR,2,PLANTED_IN,PLANTED_IN,THIS_APPEARS_TO_BE_A_LIST_OF_RELATIONSHIPS_OR_PREDICATES_EXTRACTED_FROM_A_TEXT_LIKELY_RELATED_TO_AGRICULTURE_OR_GARDENING
0,REMOVED_WITH,2,PLANTED_IN,PLANTED_IN,THIS_APPEARS_TO_BE_A_LIST_OF_RELATIONSHIPS_OR_PREDICATES_EXTRACTED_FROM_A_TEXT_LIKELY_RELATED_TO_AGRICULTURE_OR_GARDENING
0,REMOVES,2,PLANTED_IN,PLANTED_IN,THIS_APPEARS_TO_BE_A_LIST_OF_RELATIONSHIPS_OR_PREDICATES_EXTRACTED_FROM_A_TEXT_LIKELY_RELATED_TO_AGRICULTURE_OR_GARDENING
0,RENTS_AT,2,PLANTED_IN,PLANTED_IN,THIS_APPEARS_TO_BE_A_LIST_OF_RELATIONSHIPS_OR_PREDICATES_EXTRACTED_FROM_A_TEXT_LIKELY_RELATED_TO_AGRICULTURE_OR_GARDENING
0,ARE_RESISTANT_TO,2,PLANTED_IN,PLANTED_IN,THIS_APPEARS_TO_BE_A_LIST_OF_RELATIONSHIPS_OR_PREDICATES_EXTRACTED_FROM_A_TEXT_LIKELY_RELATED_TO_AGRICULTURE_OR_GARDENING
0,SIMILAR_TO,2,PLANTED_IN,PLANTED_IN,THIS_APPEARS_TO_BE_A_LIST_OF_RELATIONSHIPS_OR_PREDICATES_EXTRACTED_FROM_A_TEXT_LIKELY_RELATED_TO_AGRICULTURE_OR_GARDENING
0,SOIL_TYPE_FOR_CROP,2,PLANTED_IN,PLANTED_IN,THIS_APPEARS_TO_BE_A_LIST_OF_RELATIONSHIPS_OR_PREDICATES_EXTRACTED_FROM_A_TEXT_LIKELY_RELATED_TO_AGRICULTURE_OR_GARDENING
0,SOIL_TYPE_RELATIONSHIP,2,PLANTED_IN,PLANTED_IN,THIS_APPEARS_TO_BE_A_LIST_OF_RELATIONSHIPS_OR_PREDICATES_EXTRACTED_FROM_A_TEXT_LIKELY_RELATED_TO_AGRICULTURE_OR_GARDENING
0,SOWED_IN,2,PLANTED_IN,PLANTED_IN,THIS_APPEARS_TO_BE_A_LIST_OF_RELATIONSHIPS_OR_PREDICATES_EXTRACTED_FROM_A_TEXT_LIKELY_RELATED_TO_AGRICULTURE_OR_GARDENING
0,ARE_SOWN,2,PLANTED_IN,PLANTED_IN,THIS_APPEARS_TO_BE_A_LIST_OF_RELATIONSHIPS_OR_PREDICATES_EXTRACTED_FROM_A_TEXT_LIKELY_RELATED_TO_AGRICULTURE_OR_GARDENING
0,SOWN_AT,2,PLANTED_IN,PLANTED_IN,THIS_APPEARS_TO_BE_A_LIST_OF_RELATIONSHIPS_OR_PREDICATES_EXTRACTED_FROM_A_TEXT_LIKELY_RELATED_TO_AGRICULTURE_OR_GARDENING
0,ARE_SOWN_BETWEEN_DATES,2,PLANTED_IN,PLANTED_IN,THIS_APPEARS_TO_BE_A_LIST_OF_RELATIONSHIPS_OR_PREDICATES_EXTRACTED_FROM_A_TEXT_LIKELY_RELATED_TO_AGRICULTURE_OR_GARDENING
0,CAN_BE_SOWN_FOR_BEDDING_OR_COASTAL_PLANTING,2,PLANTED_IN,PLANTED_IN,THIS_APPEARS_TO_BE_A_LIST_OF_RELATIONSHIPS_OR_PREDICATES_EXTRACTED_FROM_A_TEXT_LIKELY_RELATED_TO_AGRICULTURE_OR_GARDENING
0,SOWN_IN_GROUND_BEFORE_DATE,2,PLANTED_IN,PLANTED_IN,THIS_APPEARS_TO_BE_A_LIST_OF_RELATIONSHIPS_OR_PREDICATES_EXTRACTED_FROM_A_TEXT_LIKELY_RELATED_TO_AGRICULTURE_OR_GARDENING
0,ARE_SOWN_IN_MONTH_FOR_TRANSPORTATION,2,PLANTED_IN,PLANTED_IN,THIS_APPEARS_TO_BE_A_LIST_OF_RELATIONSHIPS_OR_PREDICATES_EXTRACTED_FROM_A_TEXT_LIKELY_RELATED_TO_AGRICULTURE_OR_GARDENING
0,IS_SOWN_IN_MONTH_IF_NEEDED,2,PLANTED_IN,PLANTED_IN,THIS_APPEARS_TO_BE_A_LIST_OF_RELATIONSHIPS_OR_PREDICATES_EXTRACTED_FROM_A_TEXT_LIKELY_RELATED_TO_AGRICULTURE_OR_GARDENING
0,SPACED-apart,2,PLANTED_IN,PLANTED_IN,THIS_APPEARS_TO_BE_A_LIST_OF_RELATIONSHIPS_OR_PREDICATES_EXTRACTED_FROM_A_TEXT_LIKELY_RELATED_TO_AGRICULTURE_OR_GARDENING
0,SUPERIOR_TO,2,PLANTED_IN,PLANTED_IN,THIS_APPEARS_TO_BE_A_LIST_OF_RELATIONSHIPS_OR_PREDICATES_EXTRACTED_FROM_A_TEXT_LIKELY_RELATED_TO_AGRICULTURE_OR_GARDENING
0,TEMPORAL_RELATIONSHIP,2,PLANTED_IN,PLANTED_IN,THIS_APPEARS_TO_BE_A_LIST_OF_RELATIONSHIPS_OR_PREDICATES_EXTRACTED_FROM_A_TEXT_LIKELY_RELATED_TO_AGRICULTURE_OR_GARDENING
0,TIME_PERIOD_ASSOCIATED_WITH,2,PLANTED_IN,PLANTED_IN,THIS_APPEARS_TO_BE_A_LIST_OF_RELATIONSHIPS_OR_PREDICATES_EXTRACTED_FROM_A_TEXT_LIKELY_RELATED_TO_AGRICULTURE_OR_GARDENING
0,IS_TOPPED_AT_STAGE,2,PLANTED_IN,PLANTED_IN,THIS_APPEARS_TO_BE_A_LIST_OF_RELATIONSHIPS_OR_PREDICATES_EXTRACTED_FROM_A_TEXT_LIKELY_RELATED_TO_AGRICULTURE_OR_GARDENING
0,TRANSPLANTED_INTO,2,PLANTED_IN,PLANTED_IN,THIS_APPEARS_TO_BE_A_LIST_OF_RELATIONSHIPS_OR_PREDICATES_EXTRACTED_FROM_A_TEXT_LIKELY_RELATED_TO_AGRICULTURE_OR_GARDENING
0,TRANSPLANTED_TO,2,PLANTED_IN,PLANTED_IN,THIS_APPEARS_TO_BE_A_LIST_OF_RELATIONSHIPS_OR_PREDICATES_EXTRACTED_FROM_A_TEXT_LIKELY_RELATED_TO_AGRICULTURE_OR_GARDENING
0,CAN_BE_TRANSPORTED_UNDER,2,PLANTED_IN,PLANTED_IN,THIS_APPEARS_TO_BE_A_LIST_OF_RELATIONSHIPS_OR_PREDICATES_EXTRACTED_FROM_A_TEXT_LIKELY_RELATED_TO_AGRICULTURE_OR_GARDENING
0,USED_AS_FERTILIZER,2,PLANTED_IN,PLANTED_IN,THIS_APPEARS_TO_BE_A_LIST_OF_RELATIONSHIPS_OR_PREDICATES_EXTRACTED_FROM_A_TEXT_LIKELY_RELATED_TO_AGRICULTURE_OR_GARDENING
0,USED_FOR_WATERING,2,PLANTED_IN,PLANTED_IN,THIS_APPEARS_TO_BE_A_LIST_OF_RELATIONSHIPS_OR_PREDICATES_EXTRACTED_FROM_A_TEXT_LIKELY_RELATED_TO_AGRICULTURE_OR_GARDENING
0,USED_IN_EQUIPMENT,2,PLANTED_IN,PLANTED_IN,THIS_APPEARS_TO_BE_A_LIST_OF_RELATIONSHIPS_OR_PREDICATES_EXTRACTED_FROM_A_TEXT_LIKELY_RELATED_TO_AGRICULTURE_OR_GARDENING
0,USED_IN_PROCESS,2,PLANTED_IN,PLANTED_IN,THIS_APPEARS_TO_BE_A_LIST_OF_RELATIONSHIPS_OR_PREDICATES_EXTRACTED_FROM_A_TEXT_LIKELY_RELATED_TO_AGRICULTURE_OR_GARDENING
0,USED_INSTEAD_OF,2,PLANTED_IN,PLANTED_IN,THIS_APPEARS_TO_BE_A_LIST_OF_RELATIONSHIPS_OR_PREDICATES_EXTRACTED_FROM_A_TEXT_LIKELY_RELATED_TO_AGRICULTURE_OR_GARDENING
0,USED_ON,2,PLANTED_IN,PLANTED_IN,THIS_APPEARS_TO_BE_A_LIST_OF_RELATIONSHIPS_OR_PREDICATES_EXTRACTED_FROM_A_TEXT_LIKELY_RELATED_TO_AGRICULTURE_OR_GARDENING
0,USED_TO_LOAD,2,PLANTED_IN,PLANTED_IN,THIS_APPEARS_TO_BE_A_LIST_OF_RELATIONSHIPS_OR_PREDICATES_EXTRACTED_FROM_A_TEXT_LIKELY_RELATED_TO_AGRICULTURE_OR_GARDENING
0,USED_TO_PLANT_IN_CONVEX_LAYER_OF_MANURE,2,PLANTED_IN,PLANTED_IN,THIS_APPEARS_TO_BE_A_LIST_OF_RELATIONSHIPS_OR_PREDICATES_EXTRACTED_FROM_A_TEXT_LIKELY_RELATED_TO_AGRICULTURE_OR_GARDENING
0,USED_TO_PREVENT,2,PLANTED_IN,PLANTED_IN,THIS_APPEARS_TO_BE_A_LIST_OF_RELATIONSHIPS_OR_PREDICATES_EXTRACTED_FROM_A_TEXT_LIKELY_RELATED_TO_AGRICULTURE_OR_GARDENING
0,USES,2,PLANTED_IN,PLANTED_IN,THIS_APPEARS_TO_BE_A_LIST_OF_RELATIONSHIPS_OR_PREDICATES_EXTRACTED_FROM_A_TEXT_LIKELY_RELATED_TO_AGRICULTURE_OR_GARDENING
0,USES_EQUIPMENT,2,PLANTED_IN,PLANTED_IN,THIS_APPEARS_TO_BE_A_LIST_OF_RELATIONSHIPS_OR_PREDICATES_EXTRACTED_FROM_A_TEXT_LIKELY_RELATED_TO_AGRICULTURE_OR_GARDENING
0,ARE_WARMED_UP_FROM_MONTH,2,PLANTED_IN,PLANTED_IN,THIS_APPEARS_TO_BE_A_LIST_OF_RELATIONSHIPS_OR_PREDICATES_EXTRACTED_FROM_A_TEXT_LIKELY_RELATED_TO_AGRICULTURE_OR_GARDENING
0,WATERED_IN_TIME_FRAME,2,PLANTED_IN,PLANTED_IN,THIS_APPEARS_TO_BE_A_LIST_OF_RELATIONSHIPS_OR_PREDICATES_EXTRACTED_FROM_A_TEXT_LIKELY_RELATED_TO_AGRICULTURE_OR_GARDENING
0,WATERED_REGULARLY,2,PLANTED_IN,PLANTED_IN,THIS_APPEARS_TO_BE_A_LIST_OF_RELATIONSHIPS_OR_PREDICATES_EXTRACTED_FROM_A_TEXT_LIKELY_RELATED_TO_AGRICULTURE_OR_GARDENING
0,IS_A,1,PLANTED_IN,PLANTED_IN,THIS_APPEARS_TO_BE_A_LIST_OF_RELATIONSHIPS_OR_PREDICATES_EXTRACTED_FROM_A_TEXT_LIKELY_RELATED_TO_AGRICULTURE_OR_GARDENING
0,ABSORBS_HEAT_FROM,1,PLANTED_IN,PLANTED_IN,THIS_APPEARS_TO_BE_A_LIST_OF_RELATIONSHIPS_OR_PREDICATES_EXTRACTED_FROM_A_TEXT_LIKELY_RELATED_TO_AGRICULTURE_OR_GARDENING
0,ADJACENT_IN_FIELD_LAYOUT,1,PLANTED_IN,PLANTED_IN,THIS_APPEARS_TO_BE_A_LIST_OF_RELATIONSHIPS_OR_PREDICATES_EXTRACTED_FROM_A_TEXT_LIKELY_RELATED_TO_AGRICULTURE_OR_GARDENING
0,AFFECTED_BY_AGE,1,PLANTED_IN,PLANTED_IN,THIS_APPEARS_TO_BE_A_LIST_OF_RELATIONSHIPS_OR_PREDICATES_EXTRACTED_FROM_A_TEXT_LIKELY_RELATED_TO_AGRICULTURE_OR_GARDENING
0,AFFECTED_BY_COMPETITION_FROM_OUTSIDE_REGION,1,PLANTED_IN,PLANTED_IN,THIS_APPEARS_TO_BE_A_LIST_OF_RELATIONSHIPS_OR_PREDICATES_EXTRACTED_FROM_A_TEXT_LIKELY_RELATED_TO_AGRICULTURE_OR_GARDENING
0,AFFECTED_BY_CONDITION,1,PLANTED_IN,PLANTED_IN,THIS_APPEARS_TO_BE_A_LIST_OF_RELATIONSHIPS_OR_PREDICATES_EXTRACTED_FROM_A_TEXT_LIKELY_RELATED_TO_AGRICULTURE_OR_GARDENING
0,AFFECTED_BY_DISEASE,1,PLANTED_IN,PLANTED_IN,THIS_APPEARS_TO_BE_A_LIST_OF_RELATIONSHIPS_OR_PREDICATES_EXTRACTED_FROM_A_TEXT_LIKELY_RELATED_TO_AGRICULTURE_OR_GARDENING
0,AFFECTED_BY_ENVIRONMENTAL_CONDITION,1,PLANTED_IN,PLANTED_IN,THIS_APPEARS_TO_BE_A_LIST_OF_RELATIONSHIPS_OR_PREDICATES_EXTRACTED_FROM_A_TEXT_LIKELY_RELATED_TO_AGRICULTURE_OR_GARDENING
0,AFFECTED_BY_ENVIRONMENTAL_CONDITIONS,1,PLANTED_IN,PLANTED_IN,THIS_APPEARS_TO_BE_A_LIST_OF_RELATIONSHIPS_OR_PREDICATES_EXTRACTED_FROM_A_TEXT_LIKELY_RELATED_TO_AGRICULTURE_OR_GARDENING
0,AFFECTED_BY_FROST,1,PLANTED_IN,PLANTED_IN,THIS_APPEARS_TO_BE_A_LIST_OF_RELATIONSHIPS_OR_PREDICATES_EXTRACTED_FROM_A_TEXT_LIKELY_RELATED_TO_AGRICULTURE_OR_GARDENING
0,AFFECTED_BY_MANURE_FERTILITY,1,PLANTED_IN,PLANTED_IN,THIS_APPEARS_TO_BE_A_LIST_OF_RELATIONSHIPS_OR_PREDICATES_EXTRACTED_FROM_A_TEXT_LIKELY_RELATED_TO_AGRICULTURE_OR_GARDENING
0,AFFECTED_BY_MUSHROOM_GROWTH,1,PLANTED_IN,PLANTED_IN,THIS_APPEARS_TO_BE_A_LIST_OF_RELATIONSHIPS_OR_PREDICATES_EXTRACTED_FROM_A_TEXT_LIKELY_RELATED_TO_AGRICULTURE_OR_GARDENING
0,AFFECTED_BY_PEST,1,PLANTED_IN,PLANTED_IN,THIS_APPEARS_TO_BE_A_LIST_OF_RELATIONSHIPS_OR_PREDICATES_EXTRACTED_FROM_A_TEXT_LIKELY_RELATED_TO_AGRICULTURE_OR_GARDENING
0,AFFECTED_BY_PESTS,1,PLANTED_IN,PLANTED_IN,THIS_APPEARS_TO_BE_A_LIST_OF_RELATIONSHIPS_OR_PREDICATES_EXTRACTED_FROM_A_TEXT_LIKELY_RELATED_TO_AGRICULTURE_OR_GARDENING
0,AFFECTED_BY_POLICE_BAN,1,PLANTED_IN,PLANTED_IN,THIS_APPEARS_TO_BE_A_LIST_OF_RELATIONSHIPS_OR_PREDICATES_EXTRACTED_FROM_A_TEXT_LIKELY_RELATED_TO_AGRICULTURE_OR_GARDENING
0,AFFECTED_BY_PRACTICES,1,PLANTED_IN,PLANTED_IN,THIS_APPEARS_TO_BE_A_LIST_OF_RELATIONSHIPS_OR_PREDICATES_EXTRACTED_FROM_A_TEXT_LIKELY_RELATED_TO_AGRICULTURE_OR_GARDENING
0,AFFECTED_BY_ROT,1,PLANTED_IN,PLANTED_IN,THIS_APPEARS_TO_BE_A_LIST_OF_RELATIONSHIPS_OR_PREDICATES_EXTRACTED_FROM_A_TEXT_LIKELY_RELATED_TO_AGRICULTURE_OR_GARDENING
0,AFFECTED_BY_SEASONAL_CHANGES,1,PLANTED_IN,PLANTED_IN,THIS_APPEARS_TO_BE_A_LIST_OF_RELATIONSHIPS_OR_PREDICATES_EXTRACTED_FROM_A_TEXT_LIKELY_RELATED_TO_AGRICULTURE_OR_GARDENING
0,AFFECTED_BY_SNOW,1,PLANTED_IN,PLANTED_IN,THIS_APPEARS_TO_BE_A_LIST_OF_RELATIONSHIPS_OR_PREDICATES_EXTRACTED_FROM_A_TEXT_LIKELY_RELATED_TO_AGRICULTURE_OR_GARDENING
0,AFFECTED_BY_WATER_LOVING,1,PLANTED_IN,PLANTED_IN,THIS_APPEARS_TO_BE_A_LIST_OF_RELATIONSHIPS_OR_PREDICATES_EXTRACTED_FROM_A_TEXT_LIKELY_RELATED_TO_AGRICULTURE_OR_GARDENING
0,AFFECTS_ADVANCEMENT_OF,1,PLANTED_IN,PLANTED_IN,THIS_APPEARS_TO_BE_A_LIST_OF_RELATIONSHIPS_OR_PREDICATES_EXTRACTED_FROM_A_TEXT_LIKELY_RELATED_TO_AGRICULTURE_OR_GARDENING
0,AFFECTS_CROP,1,PLANTED_IN,PLANTED_IN,THIS_APPEARS_TO_BE_A_LIST_OF_RELATIONSHIPS_OR_PREDICATES_EXTRACTED_FROM_A_TEXT_LIKELY_RELATED_TO_AGRICULTURE_OR_GARDENING
0,AFFECTS_CROP_GROWTH,1,PLANTED_IN,PLANTED_IN,THIS_APPEARS_TO_BE_A_LIST_OF_RELATIONSHIPS_OR_PREDICATES_EXTRACTED_FROM_A_TEXT_LIKELY_RELATED_TO_AGRICULTURE_OR_GARDENING
0,AFFECTS_LOCAL_MARKET_GARDENERS_COMPETITIVENESS_DUE_TO_FACTOR,1,PLANTED_IN,PLANTED_IN,THIS_APPEARS_TO_BE_A_LIST_OF_RELATIONSHIPS_OR_PREDICATES_EXTRACTED_FROM_A_TEXT_LIKELY_RELATED_TO_AGRICULTURE_OR_GARDENING
0,AFFECTS_QUALITY_OF,1,PLANTED_IN,PLANTED_IN,THIS_APPEARS_TO_BE_A_LIST_OF_RELATIONSHIPS_OR_PREDICATES_EXTRACTED_FROM_A_TEXT_LIKELY_RELATED_TO_AGRICULTURE_OR_GARDENING
0,AFFECTS_YIELD,1,PLANTED_IN,PLANTED_IN,THIS_APPEARS_TO_BE_A_LIST_OF_RELATIONSHIPS_OR_PREDICATES_EXTRACTED_FROM_A_TEXT_LIKELY_RELATED_TO_AGRICULTURE_OR_GARDENING
0,AFFTECTED_BY_DISEASE,1,PLANTED_IN,PLANTED_IN,THIS_APPEARS_TO_BE_A_LIST_OF_RELATIONSHIPS_OR_PREDICATES_EXTRACTED_FROM_A_TEXT_LIKELY_RELATED_TO_AGRICULTURE_OR_GARDENING
0,AIMED_AT_PRODUCING_MANUAL_FOR,1,PLANTED_IN,PLANTED_IN,THIS_APPEARS_TO_BE_A_LIST_OF_RELATIONSHIPS_OR_PREDICATES_EXTRACTED_FROM_A_TEXT_LIKELY_RELATED_TO_AGRICULTURE_OR_GARDENING
0,ALLOWED_TO_GROW,1,PLANTED_IN,PLANTED_IN,THIS_APPEARS_TO_BE_A_LIST_OF_RELATIONSHIPS_OR_PREDICATES_EXTRACTED_FROM_A_TEXT_LIKELY_RELATED_TO_AGRICULTURE_OR_GARDENING
0,IS ALSO KNOWN AS,1,PLANTED_IN,PLANTED_IN,THIS_APPEARS_TO_BE_A_LIST_OF_RELATIONSHIPS_OR_PREDICATES_EXTRACTED_FROM_A_TEXT_LIKELY_RELATED_TO_AGRICULTURE_OR_GARDENING
0,ALTERNATIVE_TO,1,PLANTED_IN,PLANTED_IN,THIS_APPEARS_TO_BE_A_LIST_OF_RELATIONSHIPS_OR_PREDICATES_EXTRACTED_FROM_A_TEXT_LIKELY_RELATED_TO_AGRICULTURE_OR_GARDENING
0,ARE_ALTERNATIVELY_lined_WITH,1,PLANTED_IN,PLANTED_IN,THIS_APPEARS_TO_BE_A_LIST_OF_RELATIONSHIPS_OR_PREDICATES_EXTRACTED_FROM_A_TEXT_LIKELY_RELATED_TO_AGRICULTURE_OR_GARDENING
0,ALTERNATIVELY_PLANTED_WITH,1,PLANTED_IN,PLANTED_IN,THIS_APPEARS_TO_BE_A_LIST_OF_RELATIONSHIPS_OR_PREDICATES_EXTRACTED_FROM_A_TEXT_LIKELY_RELATED_TO_AGRICULTURE_OR_GARDENING
0,ALTERNATIVELY_PREFFERED_FOR,1,PLANTED_IN,PLANTED_IN,THIS_APPEARS_TO_BE_A_LIST_OF_RELATIONSHIPS_OR_PREDICATES_EXTRACTED_FROM_A_TEXT_LIKELY_RELATED_TO_AGRICULTURE_OR_GARDENING
0,APPLIED_AT,1,PLANTED_IN,PLANTED_IN,THIS_APPEARS_TO_BE_A_LIST_OF_RELATIONSHIPS_OR_PREDICATES_EXTRACTED_FROM_A_TEXT_LIKELY_RELATED_TO_AGRICULTURE_OR_GARDENING
0,APPLIED_IN,1,PLANTED_IN,PLANTED_IN,THIS_APPEARS_TO_BE_A_LIST_OF_RELATIONSHIPS_OR_PREDICATES_EXTRACTED_FROM_A_TEXT_LIKELY_RELATED_TO_AGRICULTURE_OR_GARDENING
0,APPLIED_TO,1,PLANTED_IN,PLANTED_IN,THIS_APPEARS_TO_BE_A_LIST_OF_RELATIONSHIPS_OR_PREDICATES_EXTRACTED_FROM_A_TEXT_LIKELY_RELATED_TO_AGRICULTURE_OR_GARDENING
0,APPLY_TREATMENT_ON_AREA,1,PLANTED_IN,PLANTED_IN,THIS_APPEARS_TO_BE_A_LIST_OF_RELATIONSHIPS_OR_PREDICATES_EXTRACTED_FROM_A_TEXT_LIKELY_RELATED_TO_AGRICULTURE_OR_GARDENING
0,ARElined_WITH,1,PLANTED_IN,PLANTED_IN,THIS_APPEARS_TO_BE_A_LIST_OF_RELATIONSHIPS_OR_PREDICATES_EXTRACTED_FROM_A_TEXT_LIKELY_RELATED_TO_AGRICULTURE_OR_GARDENING
0,IS_ARRANGED_ALONG_THE_WALLS_OF,1,PLANTED_IN,PLANTED_IN,THIS_APPEARS_TO_BE_A_LIST_OF_RELATIONSHIPS_OR_PREDICATES_EXTRACTED_FROM_A_TEXT_LIKELY_RELATED_TO_AGRICULTURE_OR_GARDENING
0,ARRANGED_IN,1,PLANTED_IN,PLANTED_IN,THIS_APPEARS_TO_BE_A_LIST_OF_RELATIONSHIPS_OR_PREDICATES_EXTRACTED_FROM_A_TEXT_LIKELY_RELATED_TO_AGRICULTURE_OR_GARDENING
0,ARRANGED_UNDERNEATH_OF,1,PLANTED_IN,PLANTED_IN,THIS_APPEARS_TO_BE_A_LIST_OF_RELATIONSHIPS_OR_PREDICATES_EXTRACTED_FROM_A_TEXT_LIKELY_RELATED_TO_AGRICULTURE_OR_GARDENING
0,AS_PARAPHRASED,1,PLANTED_IN,PLANTED_IN,THIS_APPEARS_TO_BE_A_LIST_OF_RELATIONSHIPS_OR_PREDICATES_EXTRACTED_FROM_A_TEXT_LIKELY_RELATED_TO_AGRICULTURE_OR_GARDENING
0,ASSEMBLED_INTO,1,PLANTED_IN,PLANTED_IN,THIS_APPEARS_TO_BE_A_LIST_OF_RELATIONSHIPS_OR_PREDICATES_EXTRACTED_FROM_A_TEXT_LIKELY_RELATED_TO_AGRICULTURE_OR_GARDENING
0,ASSOCIATED_WITH_FARM_PRACTICE,1,PLANTED_IN,PLANTED_IN,THIS_APPEARS_TO_BE_A_LIST_OF_RELATIONSHIPS_OR_PREDICATES_EXTRACTED_FROM_A_TEXT_LIKELY_RELATED_TO_AGRICULTURE_OR_GARDENING
0,ASSOCIATED_WITH_GARDENS_IN_PARIS,1,PLANTED_IN,PLANTED_IN,THIS_APPEARS_TO_BE_A_LIST_OF_RELATIONSHIPS_OR_PREDICATES_EXTRACTED_FROM_A_TEXT_LIKELY_RELATED_TO_AGRICULTURE_OR_GARDENING
0,ASSOCIATED_WITH_INSTITUTION_OR_WORKER,1,PLANTED_IN,PLANTED_IN,THIS_APPEARS_TO_BE_A_LIST_OF_RELATIONSHIPS_OR_PREDICATES_EXTRACTED_FROM_A_TEXT_LIKELY_RELATED_TO_AGRICULTURE_OR_GARDENING
0,ASSOCIATED_WITH_SOIL_CONDITIONS,1,PLANTED_IN,PLANTED_IN,THIS_APPEARS_TO_BE_A_LIST_OF_RELATIONSHIPS_OR_PREDICATES_EXTRACTED_FROM_A_TEXT_LIKELY_RELATED_TO_AGRICULTURE_OR_GARDENING
0,IS_ATTACHED_TO,1,PLANTED_IN,PLANTED_IN,THIS_APPEARS_TO_BE_A_LIST_OF_RELATIONSHIPS_OR_PREDICATES_EXTRACTED_FROM_A_TEXT_LIKELY_RELATED_TO_AGRICULTURE_OR_GARDENING
0,AVAILABLE_ALMOST_ALL_YEAR_ROUND,1,PLANTED_IN,PLANTED_IN,THIS_APPEARS_TO_BE_A_LIST_OF_RELATIONSHIPS_OR_PREDICATES_EXTRACTED_FROM_A_TEXT_LIKELY_RELATED_TO_AGRICULTURE_OR_GARDENING
0,AVAILABLE_IN_ABUNDANCE,1,PLANTED_IN,PLANTED_IN,THIS_APPEARS_TO_BE_A_LIST_OF_RELATIONSHIPS_OR_PREDICATES_EXTRACTED_FROM_A_TEXT_LIKELY_RELATED_TO_AGRICULTURE_OR_GARDENING
0,IS_AVAILABLE_IN_MONTH,1,PLANTED_IN,PLANTED_IN,THIS_APPEARS_TO_BE_A_LIST_OF_RELATIONSHIPS_OR_PREDICATES_EXTRACTED_FROM_A_TEXT_LIKELY_RELATED_TO_AGRICULTURE_OR_GARDENING
0,AWARDED_BY,1,PLANTED_IN,PLANTED_IN,THIS_APPEARS_TO_BE_A_LIST_OF_RELATIONSHIPS_OR_PREDICATES_EXTRACTED_FROM_A_TEXT_LIKELY_RELATED_TO_AGRICULTURE_OR_GARDENING
0,AWARDED_WITH,1,PLANTED_IN,PLANTED_IN,THIS_APPEARS_TO_BE_A_LIST_OF_RELATIONSHIPS_OR_PREDICATES_EXTRACTED_FROM_A_TEXT_LIKELY_RELATED_TO_AGRICULTURE_OR_GARDENING
0,BASED_ON_DESIRE_FOR_PUBLICATION,1,PLANTED_IN,PLANTED_IN,THIS_APPEARS_TO_BE_A_LIST_OF_RELATIONSHIPS_OR_PREDICATES_EXTRACTED_FROM_A_TEXT_LIKELY_RELATED_TO_AGRICULTURE_OR_GARDENING
0,BASED_ON_PROGRAM_OF,1,PLANTED_IN,PLANTED_IN,THIS_APPEARS_TO_BE_A_LIST_OF_RELATIONSHIPS_OR_PREDICATES_EXTRACTED_FROM_A_TEXT_LIKELY_RELATED_TO_AGRICULTURE_OR_GARDENING
0,BEARS_APPLES_IN,1,PLANTED_IN,PLANTED_IN,THIS_APPEARS_TO_BE_A_LIST_OF_RELATIONSHIPS_OR_PREDICATES_EXTRACTED_FROM_A_TEXT_LIKELY_RELATED_TO_AGRICULTURE_OR_GARDENING
0,BEARS_FRUIT_IN,1,PLANTED_IN,PLANTED_IN,THIS_APPEARS_TO_BE_A_LIST_OF_RELATIONSHIPS_OR_PREDICATES_EXTRACTED_FROM_A_TEXT_LIKELY_RELATED_TO_AGRICULTURE_OR_GARDENING
0,BEGINS_AT_MONTH_OF,1,PLANTED_IN,PLANTED_IN,THIS_APPEARS_TO_BE_A_LIST_OF_RELATIONSHIPS_OR_PREDICATES_EXTRACTED_FROM_A_TEXT_LIKELY_RELATED_TO_AGRICULTURE_OR_GARDENING
0,BELL_MARKED_AT,1,PLANTED_IN,PLANTED_IN,THIS_APPEARS_TO_BE_A_LIST_OF_RELATIONSHIPS_OR_PREDICATES_EXTRACTED_FROM_A_TEXT_LIKELY_RELATED_TO_AGRICULTURE_OR_GARDENING
0,BELL_PLACEMENT_MONTH,1,PLANTED_IN,PLANTED_IN,THIS_APPEARS_TO_BE_A_LIST_OF_RELATIONSHIPS_OR_PREDICATES_EXTRACTED_FROM_A_TEXT_LIKELY_RELATED_TO_AGRICULTURE_OR_GARDENING
0,BELONG_TO_SAME_GENUS,1,PLANTED_IN,PLANTED_IN,THIS_APPEARS_TO_BE_A_LIST_OF_RELATIONSHIPS_OR_PREDICATES_EXTRACTED_FROM_A_TEXT_LIKELY_RELATED_TO_AGRICULTURE_OR_GARDENING
0,BELONGS_TO_FAMILY,1,PLANTED_IN,PLANTED_IN,THIS_APPEARS_TO_BE_A_LIST_OF_RELATIONSHIPS_OR_PREDICATES_EXTRACTED_FROM_A_TEXT_LIKELY_RELATED_TO_AGRICULTURE_OR_GARDENING
0,BELONGS_TO_FAMILY_SECTION,1,PLANTED_IN,PLANTED_IN,THIS_APPEARS_TO_BE_A_LIST_OF_RELATIONSHIPS_OR_PREDICATES_EXTRACTED_FROM_A_TEXT_LIKELY_RELATED_TO_AGRICULTURE_OR_GARDENING
0,BELONGS_TO_THE_SAME_PLANT_TYPE,1,PLANTED_IN,PLANTED_IN,THIS_APPEARS_TO_BE_A_LIST_OF_RELATIONSHIPS_OR_PREDICATES_EXTRACTED_FROM_A_TEXT_LIKELY_RELATED_TO_AGRICULTURE_OR_GARDENING
0,BELONGS_TO_SECTION,1,PLANTED_IN,PLANTED_IN,THIS_APPEARS_TO_BE_A_LIST_OF_RELATIONSHIPS_OR_PREDICATES_EXTRACTED_FROM_A_TEXT_LIKELY_RELATED_TO_AGRICULTURE_OR_GARDENING
0,BENEFITS_ACCESSIBILITY,1,PLANTED_IN,PLANTED_IN,THIS_APPEARS_TO_BE_A_LIST_OF_RELATIONSHIPS_OR_PREDICATES_EXTRACTED_FROM_A_TEXT_LIKELY_RELATED_TO_AGRICULTURE_OR_GARDENING
0,BENEFITS_FROM,1,PLANTED_IN,PLANTED_IN,THIS_APPEARS_TO_BE_A_LIST_OF_RELATIONSHIPS_OR_PREDICATES_EXTRACTED_FROM_A_TEXT_LIKELY_RELATED_TO_AGRICULTURE_OR_GARDENING
0,BLANCHES_FROM,1,PLANTED_IN,PLANTED_IN,THIS_APPEARS_TO_BE_A_LIST_OF_RELATIONSHIPS_OR_PREDICATES_EXTRACTED_FROM_A_TEXT_LIKELY_RELATED_TO_AGRICULTURE_OR_GARDENING
0,BOUND_FOR_BLANCHING,1,PLANTED_IN,PLANTED_IN,THIS_APPEARS_TO_BE_A_LIST_OF_RELATIONSHIPS_OR_PREDICATES_EXTRACTED_FROM_A_TEXT_LIKELY_RELATED_TO_AGRICULTURE_OR_GARDENING
0,BURIED_WITH,1,PLANTED_IN,PLANTED_IN,THIS_APPEARS_TO_BE_A_LIST_OF_RELATIONSHIPS_OR_PREDICATES_EXTRACTED_FROM_A_TEXT_LIKELY_RELATED_TO_AGRICULTURE_OR_GARDENING
0,CABBAGE_POMMENT_AGE,1,PLANTED_IN,PLANTED_IN,THIS_APPEARS_TO_BE_A_LIST_OF_RELATIONSHIPS_OR_PREDICATES_EXTRACTED_FROM_A_TEXT_LIKELY_RELATED_TO_AGRICULTURE_OR_GARDENING
0,CALAISSED_FROM,1,PLANTED_IN,PLANTED_IN,THIS_APPEARS_TO_BE_A_LIST_OF_RELATIONSHIPS_OR_PREDICATES_EXTRACTED_FROM_A_TEXT_LIKELY_RELATED_TO_AGRICULTURE_OR_GARDENING
0,IS_CALLED,1,PLANTED_IN,PLANTED_IN,THIS_APPEARS_TO_BE_A_LIST_OF_RELATIONSHIPS_OR_PREDICATES_EXTRACTED_FROM_A_TEXT_LIKELY_RELATED_TO_AGRICULTURE_OR_GARDENING
0,CAN_MEASURE_TEMPERATURE,1,PLANTED_IN,PLANTED_IN,THIS_APPEARS_TO_BE_A_LIST_OF_RELATIONSHIPS_OR_PREDICATES_EXTRACTED_FROM_A_TEXT_LIKELY_RELATED_TO_AGRICULTURE_OR_GARDENING
0,CAN_REACH_TEMPERATURE,1,PLANTED_IN,PLANTED_IN,THIS_APPEARS_TO_BE_A_LIST_OF_RELATIONSHIPS_OR_PREDICATES_EXTRACTED_FROM_A_TEXT_LIKELY_RELATED_TO_AGRICULTURE_OR_GARDENING
0,CAN_STILL_BE_PLANTED,1,PLANTED_IN,PLANTED_IN,THIS_APPEARS_TO_BE_A_LIST_OF_RELATIONSHIPS_OR_PREDICATES_EXTRACTED_FROM_A_TEXT_LIKELY_RELATED_TO_AGRICULTURE_OR_GARDENING
0,CAN_WITHSTAND,1,PLANTED_IN,PLANTED_IN,THIS_APPEARS_TO_BE_A_LIST_OF_RELATIONSHIPS_OR_PREDICATES_EXTRACTED_FROM_A_TEXT_LIKELY_RELATED_TO_AGRICULTURE_OR_GARDENING
0,CANTALOUPE_CROP_OF,1,PLANTED_IN,PLANTED_IN,THIS_APPEARS_TO_BE_A_LIST_OF_RELATIONSHIPS_OR_PREDICATES_EXTRACTED_FROM_A_TEXT_LIKELY_RELATED_TO_AGRICULTURE_OR_GARDENING
0,CARRIES_ON,1,PLANTED_IN,PLANTED_IN,THIS_APPEARS_TO_BE_A_LIST_OF_RELATIONSHIPS_OR_PREDICATES_EXTRACTED_FROM_A_TEXT_LIKELY_RELATED_TO_AGRICULTURE_OR_GARDENING
0,CARROT_IS_COVERED_WITH,1,PLANTED_IN,PLANTED_IN,THIS_APPEARS_TO_BE_A_LIST_OF_RELATIONSHIPS_OR_PREDICATES_EXTRACTED_FROM_A_TEXT_LIKELY_RELATED_TO_AGRICULTURE_OR_GARDENING
0,CARROT_IS_SEALED_WITH,1,PLANTED_IN,PLANTED_IN,THIS_APPEARS_TO_BE_A_LIST_OF_RELATIONSHIPS_OR_PREDICATES_EXTRACTED_FROM_A_TEXT_LIKELY_RELATED_TO_AGRICULTURE_OR_GARDENING
0,CARROT_IS_SOWN_IN,1,PLANTED_IN,PLANTED_IN,THIS_APPEARS_TO_BE_A_LIST_OF_RELATIONSHIPS_OR_PREDICATES_EXTRACTED_FROM_A_TEXT_LIKELY_RELATED_TO_AGRICULTURE_OR_GARDENING
0,CARROT_IS_SOWN_ON,1,PLANTED_IN,PLANTED_IN,THIS_APPEARS_TO_BE_A_LIST_OF_RELATIONSHIPS_OR_PREDICATES_EXTRACTED_FROM_A_TEXT_LIKELY_RELATED_TO_AGRICULTURE_OR_GARDENING
0,IS_CAUSE_OF_DAMAGE,1,PLANTED_IN,PLANTED_IN,THIS_APPEARS_TO_BE_A_LIST_OF_RELATIONSHIPS_OR_PREDICATES_EXTRACTED_FROM_A_TEXT_LIKELY_RELATED_TO_AGRICULTURE_OR_GARDENING
0,CAUSED_BY,1,PLANTED_IN,PLANTED_IN,THIS_APPEARS_TO_BE_A_LIST_OF_RELATIONSHIPS_OR_PREDICATES_EXTRACTED_FROM_A_TEXT_LIKELY_RELATED_TO_AGRICULTURE_OR_GARDENING
0,CAUSES,1,PLANTED_IN,PLANTED_IN,THIS_APPEARS_TO_BE_A_LIST_OF_RELATIONSHIPS_OR_PREDICATES_EXTRACTED_FROM_A_TEXT_LIKELY_RELATED_TO_AGRICULTURE_OR_GARDENING
0,CHARACTERISTIC_OF,1,PLANTED_IN,PLANTED_IN,THIS_APPEARS_TO_BE_A_LIST_OF_RELATIONSHIPS_OR_PREDICATES_EXTRACTED_FROM_A_TEXT_LIKELY_RELATED_TO_AGRICULTURE_OR_GARDENING
0,IS_CHARACTERIZED_BY,1,PLANTED_IN,PLANTED_IN,THIS_APPEARS_TO_BE_A_LIST_OF_RELATIONSHIPS_OR_PREDICATES_EXTRACTED_FROM_A_TEXT_LIKELY_RELATED_TO_AGRICULTURE_OR_GARDENING
0,CHARACTERIZED_BY_STEM_AND_CAP,1,PLANTED_IN,PLANTED_IN,THIS_APPEARS_TO_BE_A_LIST_OF_RELATIONSHIPS_OR_PREDICATES_EXTRACTED_FROM_A_TEXT_LIKELY_RELATED_TO_AGRICULTURE_OR_GARDENING
0,CHECKED_FOR,1,PLANTED_IN,PLANTED_IN,THIS_APPEARS_TO_BE_A_LIST_OF_RELATIONSHIPS_OR_PREDICATES_EXTRACTED_FROM_A_TEXT_LIKELY_RELATED_TO_AGRICULTURE_OR_GARDENING
0,CLEANED_WITH,1,PLANTED_IN,PLANTED_IN,THIS_APPEARS_TO_BE_A_LIST_OF_RELATIONSHIPS_OR_PREDICATES_EXTRACTED_FROM_A_TEXT_LIKELY_RELATED_TO_AGRICULTURE_OR_GARDENING
0,CLOSED_WITH_FRAMES,1,PLANTED_IN,PLANTED_IN,THIS_APPEARS_TO_BE_A_LIST_OF_RELATIONSHIPS_OR_PREDICATES_EXTRACTED_FROM_A_TEXT_LIKELY_RELATED_TO_AGRICULTURE_OR_GARDENING
0,COIFFES_IN_MONTH,1,PLANTED_IN,PLANTED_IN,THIS_APPEARS_TO_BE_A_LIST_OF_RELATIONSHIPS_OR_PREDICATES_EXTRACTED_FROM_A_TEXT_LIKELY_RELATED_TO_AGRICULTURE_OR_GARDENING
0,IS_COLLECTED_INTO,1,PLANTED_IN,PLANTED_IN,THIS_APPEARS_TO_BE_A_LIST_OF_RELATIONSHIPS_OR_PREDICATES_EXTRACTED_FROM_A_TEXT_LIKELY_RELATED_TO_AGRICULTURE_OR_GARDENING
0,COLOCATED_WITHIN,1,PLANTED_IN,PLANTED_IN,THIS_APPEARS_TO_BE_A_LIST_OF_RELATIONSHIPS_OR_PREDICATES_EXTRACTED_FROM_A_TEXT_LIKELY_RELATED_TO_AGRICULTURE_OR_GARDENING
0,COLORED_LEAVES,1,PLANTED_IN,PLANTED_IN,THIS_APPEARS_TO_BE_A_LIST_OF_RELATIONSHIPS_OR_PREDICATES_EXTRACTED_FROM_A_TEXT_LIKELY_RELATED_TO_AGRICULTURE_OR_GARDENING
0,COMMON_NAME_OF_CROP,1,PLANTED_IN,PLANTED_IN,THIS_APPEARS_TO_BE_A_LIST_OF_RELATIONSHIPS_OR_PREDICATES_EXTRACTED_FROM_A_TEXT_LIKELY_RELATED_TO_AGRICULTURE_OR_GARDENING
0,COMMONLY_GROWN_DURING,1,PLANTED_IN,PLANTED_IN,THIS_APPEARS_TO_BE_A_LIST_OF_RELATIONSHIPS_OR_PREDICATES_EXTRACTED_FROM_A_TEXT_LIKELY_RELATED_TO_AGRICULTURE_OR_GARDENING
0,COMPARED_WITH_METHODS,1,PLANTED_IN,PLANTED_IN,THIS_APPEARS_TO_BE_A_LIST_OF_RELATIONSHIPS_OR_PREDICATES_EXTRACTED_FROM_A_TEXT_LIKELY_RELATED_TO_AGRICULTURE_OR_GARDENING
0,COMPETES_WITH,1,PLANTED_IN,PLANTED_IN,THIS_APPEARS_TO_BE_A_LIST_OF_RELATIONSHIPS_OR_PREDICATES_EXTRACTED_FROM_A_TEXT_LIKELY_RELATED_TO_AGRICULTURE_OR_GARDENING
0,COMPETING_VARIETY_OF,1,PLANTED_IN,PLANTED_IN,THIS_APPEARS_TO_BE_A_LIST_OF_RELATIONSHIPS_OR_PREDICATES_EXTRACTED_FROM_A_TEXT_LIKELY_RELATED_TO_AGRICULTURE_OR_GARDENING
0,COMPLETELY_MILLED_TO_BLEACH,1,PLANTED_IN,PLANTED_IN,THIS_APPEARS_TO_BE_A_LIST_OF_RELATIONSHIPS_OR_PREDICATES_EXTRACTED_FROM_A_TEXT_LIKELY_RELATED_TO_AGRICULTURE_OR_GARDENING
0,IS_COMPOSED_OF,1,PLANTED_IN,PLANTED_IN,THIS_APPEARS_TO_BE_A_LIST_OF_RELATIONSHIPS_OR_PREDICATES_EXTRACTED_FROM_A_TEXT_LIKELY_RELATED_TO_AGRICULTURE_OR_GARDENING
0,COMPRISED_OF,1,PLANTED_IN,PLANTED_IN,THIS_APPEARS_TO_BE_A_LIST_OF_RELATIONSHIPS_OR_PREDICATES_EXTRACTED_FROM_A_TEXT_LIKELY_RELATED_TO_AGRICULTURE_OR_GARDENING
0,CONDITIONALLY_REQUIRES,1,PLANTED_IN,PLANTED_IN,THIS_APPEARS_TO_BE_A_LIST_OF_RELATIONSHIPS_OR_PREDICATES_EXTRACTED_FROM_A_TEXT_LIKELY_RELATED_TO_AGRICULTURE_OR_GARDENING
0,CONNECTED_TO,1,PLANTED_IN,PLANTED_IN,THIS_APPEARS_TO_BE_A_LIST_OF_RELATIONSHIPS_OR_PREDICATES_EXTRACTED_FROM_A_TEXT_LIKELY_RELATED_TO_AGRICULTURE_OR_GARDENING
0,CONNECTS_TO_FRAME,1,PLANTED_IN,PLANTED_IN,THIS_APPEARS_TO_BE_A_LIST_OF_RELATIONSHIPS_OR_PREDICATES_EXTRACTED_FROM_A_TEXT_LIKELY_RELATED_TO_AGRICULTURE_OR_GARDENING
0,CONSEQUENCE_OF,1,PLANTED_IN,PLANTED_IN,THIS_APPEARS_TO_BE_A_LIST_OF_RELATIONSHIPS_OR_PREDICATES_EXTRACTED_FROM_A_TEXT_LIKELY_RELATED_TO_AGRICULTURE_OR_GARDENING
0,CONSISTS_OF,1,PLANTED_IN,PLANTED_IN,THIS_APPEARS_TO_BE_A_LIST_OF_RELATIONSHIPS_OR_PREDICATES_EXTRACTED_FROM_A_TEXT_LIKELY_RELATED_TO_AGRICULTURE_OR_GARDENING
0,CONSISTS_OF_SOIL_AND_MANURE,1,PLANTED_IN,PLANTED_IN,THIS_APPEARS_TO_BE_A_LIST_OF_RELATIONSHIPS_OR_PREDICATES_EXTRACTED_FROM_A_TEXT_LIKELY_RELATED_TO_AGRICULTURE_OR_GARDENING
0,CONSUMED_IN,1,PLANTED_IN,PLANTED_IN,THIS_APPEARS_TO_BE_A_LIST_OF_RELATIONSHIPS_OR_PREDICATES_EXTRACTED_FROM_A_TEXT_LIKELY_RELATED_TO_AGRICULTURE_OR_GARDENING
0,CONTAIN,1,PLANTED_IN,PLANTED_IN,THIS_APPEARS_TO_BE_A_LIST_OF_RELATIONSHIPS_OR_PREDICATES_EXTRACTED_FROM_A_TEXT_LIKELY_RELATED_TO_AGRICULTURE_OR_GARDENING
0,CONTAINING,1,PLANTED_IN,PLANTED_IN,THIS_APPEARS_TO_BE_A_LIST_OF_RELATIONSHIPS_OR_PREDICATES_EXTRACTED_FROM_A_TEXT_LIKELY_RELATED_TO_AGRICULTURE_OR_GARDENING
0,CONTAINS_IN_AVERAGE,1,PLANTED_IN,PLANTED_IN,THIS_APPEARS_TO_BE_A_LIST_OF_RELATIONSHIPS_OR_PREDICATES_EXTRACTED_FROM_A_TEXT_LIKELY_RELATED_TO_AGRICULTURE_OR_GARDENING
0,CONTAINS_MATERIALS,1,PLANTED_IN,PLANTED_IN,THIS_APPEARS_TO_BE_A_LIST_OF_RELATIONSHIPS_OR_PREDICATES_EXTRACTED_FROM_A_TEXT_LIKELY_RELATED_TO_AGRICULTURE_OR_GARDENING
0,CONTAINS_MEASUREMENT,1,PLANTED_IN,PLANTED_IN,THIS_APPEARS_TO_BE_A_LIST_OF_RELATIONSHIPS_OR_PREDICATES_EXTRACTED_FROM_A_TEXT_LIKELY_RELATED_TO_AGRICULTURE_OR_GARDENING
0,CONTAINS_PART_OF,1,PLANTED_IN,PLANTED_IN,THIS_APPEARS_TO_BE_A_LIST_OF_RELATIONSHIPS_OR_PREDICATES_EXTRACTED_FROM_A_TEXT_LIKELY_RELATED_TO_AGRICULTURE_OR_GARDENING
0,CONTAINS_SOIL_TYPE,1,PLANTED_IN,PLANTED_IN,THIS_APPEARS_TO_BE_A_LIST_OF_RELATIONSHIPS_OR_PREDICATES_EXTRACTED_FROM_A_TEXT_LIKELY_RELATED_TO_AGRICULTURE_OR_GARDENING
0,CONTAINS_SPAWN,1,PLANTED_IN,PLANTED_IN,THIS_APPEARS_TO_BE_A_LIST_OF_RELATIONSHIPS_OR_PREDICATES_EXTRACTED_FROM_A_TEXT_LIKELY_RELATED_TO_AGRICULTURE_OR_GARDENING
0,CONTAINS_SUBSTANCE_AS_SEED,1,PLANTED_IN,PLANTED_IN,THIS_APPEARS_TO_BE_A_LIST_OF_RELATIONSHIPS_OR_PREDICATES_EXTRACTED_FROM_A_TEXT_LIKELY_RELATED_TO_AGRICULTURE_OR_GARDENING
0,CONTINUES_TO_BE_HEATED,1,PLANTED_IN,PLANTED_IN,THIS_APPEARS_TO_BE_A_LIST_OF_RELATIONSHIPS_OR_PREDICATES_EXTRACTED_FROM_A_TEXT_LIKELY_RELATED_TO_AGRICULTURE_OR_GARDENING
0,CONTRIBUTED_TO,1,PLANTED_IN,PLANTED_IN,THIS_APPEARS_TO_BE_A_LIST_OF_RELATIONSHIPS_OR_PREDICATES_EXTRACTED_FROM_A_TEXT_LIKELY_RELATED_TO_AGRICULTURE_OR_GARDENING
0,CONVERTED_TO,1,PLANTED_IN,PLANTED_IN,THIS_APPEARS_TO_BE_A_LIST_OF_RELATIONSHIPS_OR_PREDICATES_EXTRACTED_FROM_A_TEXT_LIKELY_RELATED_TO_AGRICULTURE_OR_GARDENING
0,COOLING_LOCATION,1,PLANTED_IN,PLANTED_IN,THIS_APPEARS_TO_BE_A_LIST_OF_RELATIONSHIPS_OR_PREDICATES_EXTRACTED_FROM_A_TEXT_LIKELY_RELATED_TO_AGRICULTURE_OR_GARDENING
0,COOPER_CINNAMON_USED_IN_LEAD_PIPE_END,1,PLANTED_IN,PLANTED_IN,THIS_APPEARS_TO_BE_A_LIST_OF_RELATIONSHIPS_OR_PREDICATES_EXTRACTED_FROM_A_TEXT_LIKELY_RELATED_TO_AGRICULTURE_OR_GARDENING
0,COUNTER_PLANTED_WITH,1,PLANTED_IN,PLANTED_IN,THIS_APPEARS_TO_BE_A_LIST_OF_RELATIONSHIPS_OR_PREDICATES_EXTRACTED_FROM_A_TEXT_LIKELY_RELATED_TO_AGRICULTURE_OR_GARDENING
0,COVERED_FOR,1,PLANTED_IN,PLANTED_IN,THIS_APPEARS_TO_BE_A_LIST_OF_RELATIONSHIPS_OR_PREDICATES_EXTRACTED_FROM_A_TEXT_LIKELY_RELATED_TO_AGRICULTURE_OR_GARDENING
0,COVERED_FROM,1,PLANTED_IN,PLANTED_IN,THIS_APPEARS_TO_BE_A_LIST_OF_RELATIONSHIPS_OR_PREDICATES_EXTRACTED_FROM_A_TEXT_LIKELY_RELATED_TO_AGRICULTURE_OR_GARDENING
0,COVERED_IN,1,PLANTED_IN,PLANTED_IN,THIS_APPEARS_TO_BE_A_LIST_OF_RELATIONSHIPS_OR_PREDICATES_EXTRACTED_FROM_A_TEXT_LIKELY_RELATED_TO_AGRICULTURE_OR_GARDENING
0,COVERED_WITH_AT_NIGHT,1,PLANTED_IN,PLANTED_IN,THIS_APPEARS_TO_BE_A_LIST_OF_RELATIONSHIPS_OR_PREDICATES_EXTRACTED_FROM_A_TEXT_LIKELY_RELATED_TO_AGRICULTURE_OR_GARDENING
0,COVERED_WITH_FRAMES,1,PLANTED_IN,PLANTED_IN,THIS_APPEARS_TO_BE_A_LIST_OF_RELATIONSHIPS_OR_PREDICATES_EXTRACTED_FROM_A_TEXT_LIKELY_RELATED_TO_AGRICULTURE_OR_GARDENING
0,COVERED_WITH_LITTER_OR_MAT_DURING_DAY,1,PLANTED_IN,PLANTED_IN,THIS_APPEARS_TO_BE_A_LIST_OF_RELATIONSHIPS_OR_PREDICATES_EXTRACTED_FROM_A_TEXT_LIKELY_RELATED_TO_AGRICULTURE_OR_GARDENING
0,COVERED_WITH_MANURE,1,PLANTED_IN,PLANTED_IN,THIS_APPEARS_TO_BE_A_LIST_OF_RELATIONSHIPS_OR_PREDICATES_EXTRACTED_FROM_A_TEXT_LIKELY_RELATED_TO_AGRICULTURE_OR_GARDENING
0,COVERED_WITH_SOIL,1,PLANTED_IN,PLANTED_IN,THIS_APPEARS_TO_BE_A_LIST_OF_RELATIONSHIPS_OR_PREDICATES_EXTRACTED_FROM_A_TEXT_LIKELY_RELATED_TO_AGRICULTURE_OR_GARDENING
0,COVERED_WITH_STRAW_MATS,1,PLANTED_IN,PLANTED_IN,THIS_APPEARS_TO_BE_A_LIST_OF_RELATIONSHIPS_OR_PREDICATES_EXTRACTED_FROM_A_TEXT_LIKELY_RELATED_TO_AGRICULTURE_OR_GARDENING
0,COVERS_SOIL_FOR,1,PLANTED_IN,PLANTED_IN,THIS_APPEARS_TO_BE_A_LIST_OF_RELATIONSHIPS_OR_PREDICATES_EXTRACTED_FROM_A_TEXT_LIKELY_RELATED_TO_AGRICULTURE_OR_GARDENING
0,COVERS_WITH,1,PLANTED_IN,PLANTED_IN,THIS_APPEARS_TO_BE_A_LIST_OF_RELATIONSHIPS_OR_PREDICATES_EXTRACTED_FROM_A_TEXT_LIKELY_RELATED_TO_AGRICULTURE_OR_GARDENING
0,CREATED_EDGE_ON_NORTH_SIDE,1,PLANTED_IN,PLANTED_IN,THIS_APPEARS_TO_BE_A_LIST_OF_RELATIONSHIPS_OR_PREDICATES_EXTRACTED_FROM_A_TEXT_LIKELY_RELATED_TO_AGRICULTURE_OR_GARDENING
0,CROP_ASSOCIATED_WITH_EQUIPMENT,1,PLANTED_IN,PLANTED_IN,THIS_APPEARS_TO_BE_A_LIST_OF_RELATIONSHIPS_OR_PREDICATES_EXTRACTED_FROM_A_TEXT_LIKELY_RELATED_TO_AGRICULTURE_OR_GARDENING
0,CROP_ASSOCIATION,1,PLANTED_IN,PLANTED_IN,THIS_APPEARS_TO_BE_A_LIST_OF_RELATIONSHIPS_OR_PREDICATES_EXTRACTED_FROM_A_TEXT_LIKELY_RELATED_TO_AGRICULTURE_OR_GARDENING
0,CROP_AVAILABILITY_SEASON,1,PLANTED_IN,PLANTED_IN,THIS_APPEARS_TO_BE_A_LIST_OF_RELATIONSHIPS_OR_PREDICATES_EXTRACTED_FROM_A_TEXT_LIKELY_RELATED_TO_AGRICULTURE_OR_GARDENING
0,CROP_CHARACTERISTIC,1,PLANTED_IN,PLANTED_IN,THIS_APPEARS_TO_BE_A_LIST_OF_RELATIONSHIPS_OR_PREDICATES_EXTRACTED_FROM_A_TEXT_LIKELY_RELATED_TO_AGRICULTURE_OR_GARDENING
0,CROP_GRAFTING,1,PLANTED_IN,PLANTED_IN,THIS_APPEARS_TO_BE_A_LIST_OF_RELATIONSHIPS_OR_PREDICATES_EXTRACTED_FROM_A_TEXT_LIKELY_RELATED_TO_AGRICULTURE_OR_GARDENING
0,CROP_GROWN_AT,1,PLANTED_IN,PLANTED_IN,THIS_APPEARS_TO_BE_A_LIST_OF_RELATIONSHIPS_OR_PREDICATES_EXTRACTED_FROM_A_TEXT_LIKELY_RELATED_TO_AGRICULTURE_OR_GARDENING
0,CROP_GROWN_FOR,1,PLANTED_IN,PLANTED_IN,THIS_APPEARS_TO_BE_A_LIST_OF_RELATIONSHIPS_OR_PREDICATES_EXTRACTED_FROM_A_TEXT_LIKELY_RELATED_TO_AGRICULTURE_OR_GARDENING
0,CROP_GROWN_FROM,1,PLANTED_IN,PLANTED_IN,THIS_APPEARS_TO_BE_A_LIST_OF_RELATIONSHIPS_OR_PREDICATES_EXTRACTED_FROM_A_TEXT_LIKELY_RELATED_TO_AGRICULTURE_OR_GARDENING
0,CROP_GROWTH_STAGE_TRANSITION,1,PLANTED_IN,PLANTED_IN,THIS_APPEARS_TO_BE_A_LIST_OF_RELATIONSHIPS_OR_PREDICATES_EXTRACTED_FROM_A_TEXT_LIKELY_RELATED_TO_AGRICULTURE_OR_GARDENING
0,CROP_PLANTED,1,PLANTED_IN,PLANTED_IN,THIS_APPEARS_TO_BE_A_LIST_OF_RELATIONSHIPS_OR_PREDICATES_EXTRACTED_FROM_A_TEXT_LIKELY_RELATED_TO_AGRICULTURE_OR_GARDENING
0,CROP_PREFERENCE_LOCATION,1,PLANTED_IN,PLANTED_IN,THIS_APPEARS_TO_BE_A_LIST_OF_RELATIONSHIPS_OR_PREDICATES_EXTRACTED_FROM_A_TEXT_LIKELY_RELATED_TO_AGRICULTURE_OR_GARDENING
0,CROP_VARIEGY,1,PLANTED_IN,PLANTED_IN,THIS_APPEARS_TO_BE_A_LIST_OF_RELATIONSHIPS_OR_PREDICATES_EXTRACTED_FROM_A_TEXT_LIKELY_RELATED_TO_AGRICULTURE_OR_GARDENING
0,CROP_VARIEYT,1,PLANTED_IN,PLANTED_IN,THIS_APPEARS_TO_BE_A_LIST_OF_RELATIONSHIPS_OR_PREDICATES_EXTRACTED_FROM_A_TEXT_LIKELY_RELATED_TO_AGRICULTURE_OR_GARDENING
0,CROP_VARIEYT_RELATIONSHIP,1,PLANTED_IN,PLANTED_IN,THIS_APPEARS_TO_BE_A_LIST_OF_RELATIONSHIPS_OR_PREDICATES_EXTRACTED_FROM_A_TEXT_LIKELY_RELATED_TO_AGRICULTURE_OR_GARDENING
0,CULTIVATED_AFTER,1,PLANTED_IN,PLANTED_IN,THIS_APPEARS_TO_BE_A_LIST_OF_RELATIONSHIPS_OR_PREDICATES_EXTRACTED_FROM_A_TEXT_LIKELY_RELATED_TO_AGRICULTURE_OR_GARDENING
0,CULTIVATED_FOR,1,PLANTED_IN,PLANTED_IN,THIS_APPEARS_TO_BE_A_LIST_OF_RELATIONSHIPS_OR_PREDICATES_EXTRACTED_FROM_A_TEXT_LIKELY_RELATED_TO_AGRICULTURE_OR_GARDENING
0,CULTIVATED_FROM,1,PLANTED_IN,PLANTED_IN,THIS_APPEARS_TO_BE_A_LIST_OF_RELATIONSHIPS_OR_PREDICATES_EXTRACTED_FROM_A_TEXT_LIKELY_RELATED_TO_AGRICULTURE_OR_GARDENING
0,CULTIVATED_GENUS_CONTAINS_SPECIES,1,PLANTED_IN,PLANTED_IN,THIS_APPEARS_TO_BE_A_LIST_OF_RELATIONSHIPS_OR_PREDICATES_EXTRACTED_FROM_A_TEXT_LIKELY_RELATED_TO_AGRICULTURE_OR_GARDENING
0,CULTIVATED_IN_ROWS,1,PLANTED_IN,PLANTED_IN,THIS_APPEARS_TO_BE_A_LIST_OF_RELATIONSHIPS_OR_PREDICATES_EXTRACTED_FROM_A_TEXT_LIKELY_RELATED_TO_AGRICULTURE_OR_GARDENING
0,CULTIVATED_TOGETHER,1,PLANTED_IN,PLANTED_IN,THIS_APPEARS_TO_BE_A_LIST_OF_RELATIONSHIPS_OR_PREDICATES_EXTRACTED_FROM_A_TEXT_LIKELY_RELATED_TO_AGRICULTURE_OR_GARDENING
0,CULTIVATED_UNDER_SPECIFIC_CONDITIONS,1,PLANTED_IN,PLANTED_IN,THIS_APPEARS_TO_BE_A_LIST_OF_RELATIONSHIPS_OR_PREDICATES_EXTRACTED_FROM_A_TEXT_LIKELY_RELATED_TO_AGRICULTURE_OR_GARDENING
0,CULTIVATED_USING_FORCED_CULTIVATION_METHOD,1,PLANTED_IN,PLANTED_IN,THIS_APPEARS_TO_BE_A_LIST_OF_RELATIONSHIPS_OR_PREDICATES_EXTRACTED_FROM_A_TEXT_LIKELY_RELATED_TO_AGRICULTURE_OR_GARDENING
0,CULTIVATED_VARIETY,1,PLANTED_IN,PLANTED_IN,THIS_APPEARS_TO_BE_A_LIST_OF_RELATIONSHIPS_OR_PREDICATES_EXTRACTED_FROM_A_TEXT_LIKELY_RELATED_TO_AGRICULTURE_OR_GARDENING
0,CULTIVATED_WITH,1,PLANTED_IN,PLANTED_IN,THIS_APPEARS_TO_BE_A_LIST_OF_RELATIONSHIPS_OR_PREDICATES_EXTRACTED_FROM_A_TEXT_LIKELY_RELATED_TO_AGRICULTURE_OR_GARDENING
0,CULTIVATED_WITH_TOOL,1,PLANTED_IN,PLANTED_IN,THIS_APPEARS_TO_BE_A_LIST_OF_RELATIONSHIPS_OR_PREDICATES_EXTRACTED_FROM_A_TEXT_LIKELY_RELATED_TO_AGRICULTURE_OR_GARDENING
0,CUT_BACK_REGULARLY,1,PLANTED_IN,PLANTED_IN,THIS_APPEARS_TO_BE_A_LIST_OF_RELATIONSHIPS_OR_PREDICATES_EXTRACTED_FROM_A_TEXT_LIKELY_RELATED_TO_AGRICULTURE_OR_GARDENING
0,CUT_BY,1,PLANTED_IN,PLANTED_IN,THIS_APPEARS_TO_BE_A_LIST_OF_RELATIONSHIPS_OR_PREDICATES_EXTRACTED_FROM_A_TEXT_LIKELY_RELATED_TO_AGRICULTURE_OR_GARDENING
0,CUT_DURING,1,PLANTED_IN,PLANTED_IN,THIS_APPEARS_TO_BE_A_LIST_OF_RELATIONSHIPS_OR_PREDICATES_EXTRACTED_FROM_A_TEXT_LIKELY_RELATED_TO_AGRICULTURE_OR_GARDENING
0,ARE_CUT_FLUSH_WITH_THE_GROUND_IF THEY_ARE_DRY,1,PLANTED_IN,PLANTED_IN,THIS_APPEARS_TO_BE_A_LIST_OF_RELATIONSHIPS_OR_PREDICATES_EXTRACTED_FROM_A_TEXT_LIKELY_RELATED_TO_AGRICULTURE_OR_GARDENING
0,CUT_IN_YEAR,1,PLANTED_IN,PLANTED_IN,THIS_APPEARS_TO_BE_A_LIST_OF_RELATIONSHIPS_OR_PREDICATES_EXTRACTED_FROM_A_TEXT_LIKELY_RELATED_TO_AGRICULTURE_OR_GARDENING
0,CUT_WITH,1,PLANTED_IN,PLANTED_IN,THIS_APPEARS_TO_BE_A_LIST_OF_RELATIONSHIPS_OR_PREDICATES_EXTRACTED_FROM_A_TEXT_LIKELY_RELATED_TO_AGRICULTURE_OR_GARDENING
0,Damaged_BY,1,PLANTED_IN,PLANTED_IN,THIS_APPEARS_TO_BE_A_LIST_OF_RELATIONSHIPS_OR_PREDICATES_EXTRACTED_FROM_A_TEXT_LIKELY_RELATED_TO_AGRICULTURE_OR_GARDENING
0,DEEPENED,1,PLANTED_IN,PLANTED_IN,THIS_APPEARS_TO_BE_A_LIST_OF_RELATIONSHIPS_OR_PREDICATES_EXTRACTED_FROM_A_TEXT_LIKELY_RELATED_TO_AGRICULTURE_OR_GARDENING
0,DEGENERATES_EASILY,1,PLANTED_IN,PLANTED_IN,THIS_APPEARS_TO_BE_A_LIST_OF_RELATIONSHIPS_OR_PREDICATES_EXTRACTED_FROM_A_TEXT_LIKELY_RELATED_TO_AGRICULTURE_OR_GARDENING
0,DEPANELLED_AT,1,PLANTED_IN,PLANTED_IN,THIS_APPEARS_TO_BE_A_LIST_OF_RELATIONSHIPS_OR_PREDICATES_EXTRACTED_FROM_A_TEXT_LIKELY_RELATED_TO_AGRICULTURE_OR_GARDENING
0,DEPICTED_BY,1,PLANTED_IN,PLANTED_IN,THIS_APPEARS_TO_BE_A_LIST_OF_RELATIONSHIPS_OR_PREDICATES_EXTRACTED_FROM_A_TEXT_LIKELY_RELATED_TO_AGRICULTURE_OR_GARDENING
0,DEPICTS,1,PLANTED_IN,PLANTED_IN,THIS_APPEARS_TO_BE_A_LIST_OF_RELATIONSHIPS_OR_PREDICATES_EXTRACTED_FROM_A_TEXT_LIKELY_RELATED_TO_AGRICULTURE_OR_GARDENING
0,DERIVED_FROM,1,PLANTED_IN,PLANTED_IN,THIS_APPEARS_TO_BE_A_LIST_OF_RELATIONSHIPS_OR_PREDICATES_EXTRACTED_FROM_A_TEXT_LIKELY_RELATED_TO_AGRICULTURE_OR_GARDENING
0,DESTROYED_BY,1,PLANTED_IN,PLANTED_IN,THIS_APPEARS_TO_BE_A_LIST_OF_RELATIONSHIPS_OR_PREDICATES_EXTRACTED_FROM_A_TEXT_LIKELY_RELATED_TO_AGRICULTURE_OR_GARDENING
0,DESTROYED_IF_NOT_SPARRED_FOR_SEED,1,PLANTED_IN,PLANTED_IN,THIS_APPEARS_TO_BE_A_LIST_OF_RELATIONSHIPS_OR_PREDICATES_EXTRACTED_FROM_A_TEXT_LIKELY_RELATED_TO_AGRICULTURE_OR_GARDENING
0,DESTRUCTIVE_IMPACT_ON_PLANTS,1,PLANTED_IN,PLANTED_IN,THIS_APPEARS_TO_BE_A_LIST_OF_RELATIONSHIPS_OR_PREDICATES_EXTRACTED_FROM_A_TEXT_LIKELY_RELATED_TO_AGRICULTURE_OR_GARDENING
0,DEVELOPED_BY,1,PLANTED_IN,PLANTED_IN,THIS_APPEARS_TO_BE_A_LIST_OF_RELATIONSHIPS_OR_PREDICATES_EXTRACTED_FROM_A_TEXT_LIKELY_RELATED_TO_AGRICULTURE_OR_GARDENING
0,DEVELOPS_INTO,1,PLANTED_IN,PLANTED_IN,THIS_APPEARS_TO_BE_A_LIST_OF_RELATIONSHIPS_OR_PREDICATES_EXTRACTED_FROM_A_TEXT_LIKELY_RELATED_TO_AGRICULTURE_OR_GARDENING
0,DIFFERENT_CULTURE_THAN,1,PLANTED_IN,PLANTED_IN,THIS_APPEARS_TO_BE_A_LIST_OF_RELATIONSHIPS_OR_PREDICATES_EXTRACTED_FROM_A_TEXT_LIKELY_RELATED_TO_AGRICULTURE_OR_GARDENING
0,IS_DIFFERENT_FROM,1,PLANTED_IN,PLANTED_IN,THIS_APPEARS_TO_BE_A_LIST_OF_RELATIONSHIPS_OR_PREDICATES_EXTRACTED_FROM_A_TEXT_LIKELY_RELATED_TO_AGRICULTURE_OR_GARDENING
0,DIFFERENT_PLANTING_METHOD,1,PLANTED_IN,PLANTED_IN,THIS_APPEARS_TO_BE_A_LIST_OF_RELATIONSHIPS_OR_PREDICATES_EXTRACTED_FROM_A_TEXT_LIKELY_RELATED_TO_AGRICULTURE_OR_GARDENING
0,DIFFERENT_SOIL_CONDITION,1,PLANTED_IN,PLANTED_IN,THIS_APPEARS_TO_BE_A_LIST_OF_RELATIONSHIPS_OR_PREDICATES_EXTRACTED_FROM_A_TEXT_LIKELY_RELATED_TO_AGRICULTURE_OR_GARDENING
0,DIFFERS_FROM,1,PLANTED_IN,PLANTED_IN,THIS_APPEARS_TO_BE_A_LIST_OF_RELATIONSHIPS_OR_PREDICATES_EXTRACTED_FROM_A_TEXT_LIKELY_RELATED_TO_AGRICULTURE_OR_GARDENING
0,DIFFERS_FROM_PARENT_PLANT,1,PLANTED_IN,PLANTED_IN,THIS_APPEARS_TO_BE_A_LIST_OF_RELATIONSHIPS_OR_PREDICATES_EXTRACTED_FROM_A_TEXT_LIKELY_RELATED_TO_AGRICULTURE_OR_GARDENING
0,DIFFERS_IN,1,PLANTED_IN,PLANTED_IN,THIS_APPEARS_TO_BE_A_LIST_OF_RELATIONSHIPS_OR_PREDICATES_EXTRACTED_FROM_A_TEXT_LIKELY_RELATED_TO_AGRICULTURE_OR_GARDENING
0,DIFFERS_IN_ACCESSIBILITY,1,PLANTED_IN,PLANTED_IN,THIS_APPEARS_TO_BE_A_LIST_OF_RELATIONSHIPS_OR_PREDICATES_EXTRACTED_FROM_A_TEXT_LIKELY_RELATED_TO_AGRICULTURE_OR_GARDENING
0,DIFFERS_IN_FLESH_COLOR_FROM,1,PLANTED_IN,PLANTED_IN,THIS_APPEARS_TO_BE_A_LIST_OF_RELATIONSHIPS_OR_PREDICATES_EXTRACTED_FROM_A_TEXT_LIKELY_RELATED_TO_AGRICULTURE_OR_GARDENING
0,DIFFERS_IN_GROWTH_FROM,1,PLANTED_IN,PLANTED_IN,THIS_APPEARS_TO_BE_A_LIST_OF_RELATIONSHIPS_OR_PREDICATES_EXTRACTED_FROM_A_TEXT_LIKELY_RELATED_TO_AGRICULTURE_OR_GARDENING
0,DIFFERS_IN_QUALITY_FROM,1,PLANTED_IN,PLANTED_IN,THIS_APPEARS_TO_BE_A_LIST_OF_RELATIONSHIPS_OR_PREDICATES_EXTRACTED_FROM_A_TEXT_LIKELY_RELATED_TO_AGRICULTURE_OR_GARDENING
0,DIFFERS_IN_SHAPE_FROM,1,PLANTED_IN,PLANTED_IN,THIS_APPEARS_TO_BE_A_LIST_OF_RELATIONSHIPS_OR_PREDICATES_EXTRACTED_FROM_A_TEXT_LIKELY_RELATED_TO_AGRICULTURE_OR_GARDENING
0,DIFFERS_IN_SIZE_AND_LATER_BY,1,PLANTED_IN,PLANTED_IN,THIS_APPEARS_TO_BE_A_LIST_OF_RELATIONSHIPS_OR_PREDICATES_EXTRACTED_FROM_A_TEXT_LIKELY_RELATED_TO_AGRICULTURE_OR_GARDENING
0,IS DIVIDED_BY,1,PLANTED_IN,PLANTED_IN,THIS_APPEARS_TO_BE_A_LIST_OF_RELATIONSHIPS_OR_PREDICATES_EXTRACTED_FROM_A_TEXT_LIKELY_RELATED_TO_AGRICULTURE_OR_GARDENING
0,DIVIDED_INTO,1,PLANTED_IN,PLANTED_IN,THIS_APPEARS_TO_BE_A_LIST_OF_RELATIONSHIPS_OR_PREDICATES_EXTRACTED_FROM_A_TEXT_LIKELY_RELATED_TO_AGRICULTURE_OR_GARDENING
0,DOCUMENTED_AT,1,PLANTED_IN,PLANTED_IN,THIS_APPEARS_TO_BE_A_LIST_OF_RELATIONSHIPS_OR_PREDICATES_EXTRACTED_FROM_A_TEXT_LIKELY_RELATED_TO_AGRICULTURE_OR_GARDENING
0,DOES_NOT_NEED_TRANSPLANTING_DUE_TO_SOIL_CONDITION,1,PLANTED_IN,PLANTED_IN,THIS_APPEARS_TO_BE_A_LIST_OF_RELATIONSHIPS_OR_PREDICATES_EXTRACTED_FROM_A_TEXT_LIKELY_RELATED_TO_AGRICULTURE_OR_GARDENING
0,DOES_NOT_RESULT_IN,1,PLANTED_IN,PLANTED_IN,THIS_APPEARS_TO_BE_A_LIST_OF_RELATIONSHIPS_OR_PREDICATES_EXTRACTED_FROM_A_TEXT_LIKELY_RELATED_TO_AGRICULTURE_OR_GARDENING
0,EARLY_PLANTED_BY,1,PLANTED_IN,PLANTED_IN,THIS_APPEARS_TO_BE_A_LIST_OF_RELATIONSHIPS_OR_PREDICATES_EXTRACTED_FROM_A_TEXT_LIKELY_RELATED_TO_AGRICULTURE_OR_GARDENING
0,IS_EASIER_TO_WORK_WITH_THAN,1,PLANTED_IN,PLANTED_IN,THIS_APPEARS_TO_BE_A_LIST_OF_RELATIONSHIPS_OR_PREDICATES_EXTRACTED_FROM_A_TEXT_LIKELY_RELATED_TO_AGRICULTURE_OR_GARDENING
0,EATEN_BY,1,PLANTED_IN,PLANTED_IN,THIS_APPEARS_TO_BE_A_LIST_OF_RELATIONSHIPS_OR_PREDICATES_EXTRACTED_FROM_A_TEXT_LIKELY_RELATED_TO_AGRICULTURE_OR_GARDENING
0,EDGE_WITH,1,PLANTED_IN,PLANTED_IN,THIS_APPEARS_TO_BE_A_LIST_OF_RELATIONSHIPS_OR_PREDICATES_EXTRACTED_FROM_A_TEXT_LIKELY_RELATED_TO_AGRICULTURE_OR_GARDENING
0,EFFECTED_BY,1,PLANTED_IN,PLANTED_IN,THIS_APPEARS_TO_BE_A_LIST_OF_RELATIONSHIPS_OR_PREDICATES_EXTRACTED_FROM_A_TEXT_LIKELY_RELATED_TO_AGRICULTURE_OR_GARDENING
0,EFFECTED_BY_STRUCTURES,1,PLANTED_IN,PLANTED_IN,THIS_APPEARS_TO_BE_A_LIST_OF_RELATIONSHIPS_OR_PREDICATES_EXTRACTED_FROM_A_TEXT_LIKELY_RELATED_TO_AGRICULTURE_OR_GARDENING
0,EMPLOYED_IN_MARKET_GARDENING,1,PLANTED_IN,PLANTED_IN,THIS_APPEARS_TO_BE_A_LIST_OF_RELATIONSHIPS_OR_PREDICATES_EXTRACTED_FROM_A_TEXT_LIKELY_RELATED_TO_AGRICULTURE_OR_GARDENING
0,EMPLOYS,1,PLANTED_IN,PLANTED_IN,THIS_APPEARS_TO_BE_A_LIST_OF_RELATIONSHIPS_OR_PREDICATES_EXTRACTED_FROM_A_TEXT_LIKELY_RELATED_TO_AGRICULTURE_OR_GARDENING
0,ENCOURAGED_TO_CONTRIBUTE,1,PLANTED_IN,PLANTED_IN,THIS_APPEARS_TO_BE_A_LIST_OF_RELATIONSHIPS_OR_PREDICATES_EXTRACTED_FROM_A_TEXT_LIKELY_RELATED_TO_AGRICULTURE_OR_GARDENING
0,ENCROACHES_WITH,1,PLANTED_IN,PLANTED_IN,THIS_APPEARS_TO_BE_A_LIST_OF_RELATIONSHIPS_OR_PREDICATES_EXTRACTED_FROM_A_TEXT_LIKELY_RELATED_TO_AGRICULTURE_OR_GARDENING
0,ENHANCES_PRODUCTIVITY,1,PLANTED_IN,PLANTED_IN,THIS_APPEARS_TO_BE_A_LIST_OF_RELATIONSHIPS_OR_PREDICATES_EXTRACTED_FROM_A_TEXT_LIKELY_RELATED_TO_AGRICULTURE_OR_GARDENING
0,EQUIPMENT_COMPONENT_OF,1,PLANTED_IN,PLANTED_IN,THIS_APPEARS_TO_BE_A_LIST_OF_RELATIONSHIPS_OR_PREDICATES_EXTRACTED_FROM_A_TEXT_LIKELY_RELATED_TO_AGRICULTURE_OR_GARDENING
0,EQUIPMENT_DEVELOPED_TO_HELP_FARMS_USE_EQUIPMENT_BETTER,1,PLANTED_IN,PLANTED_IN,THIS_APPEARS_TO_BE_A_LIST_OF_RELATIONSHIPS_OR_PREDICATES_EXTRACTED_FROM_A_TEXT_LIKELY_RELATED_TO_AGRICULTURE_OR_GARDENING
0,EQUIPMENT_USED_BY,1,PLANTED_IN,PLANTED_IN,THIS_APPEARS_TO_BE_A_LIST_OF_RELATIONSHIPS_OR_PREDICATES_EXTRACTED_FROM_A_TEXT_LIKELY_RELATED_TO_AGRICULTURE_OR_GARDENING
0,EQUIPMENT_USED_FOR_PREPARATION,1,PLANTED_IN,PLANTED_IN,THIS_APPEARS_TO_BE_A_LIST_OF_RELATIONSHIPS_OR_PREDICATES_EXTRACTED_FROM_A_TEXT_LIKELY_RELATED_TO_AGRICULTURE_OR_GARDENING
0,MAY_BE_EQUIVALENT_TO,1,PLANTED_IN,PLANTED_IN,THIS_APPEARS_TO_BE_A_LIST_OF_RELATIONSHIPS_OR_PREDICATES_EXTRACTED_FROM_A_TEXT_LIKELY_RELATED_TO_AGRICULTURE_OR_GARDENING
0,ESTABLISHED_IN,1,PLANTED_IN,PLANTED_IN,THIS_APPEARS_TO_BE_A_LIST_OF_RELATIONSHIPS_OR_PREDICATES_EXTRACTED_FROM_A_TEXT_LIKELY_RELATED_TO_AGRICULTURE_OR_GARDENING
0,EXCELLENT_QUALITY,1,PLANTED_IN,PLANTED_IN,THIS_APPEARS_TO_BE_A_LIST_OF_RELATIONSHIPS_OR_PREDICATES_EXTRACTED_FROM_A_TEXT_LIKELY_RELATED_TO_AGRICULTURE_OR_GARDENING
0,EXERTS_EFFECT_ON,1,PLANTED_IN,PLANTED_IN,THIS_APPEARS_TO_BE_A_LIST_OF_RELATIONSHIPS_OR_PREDICATES_EXTRACTED_FROM_A_TEXT_LIKELY_RELATED_TO_AGRICULTURE_OR_GARDENING
0,EXHIBITS_CHARACTERISTIC,1,PLANTED_IN,PLANTED_IN,THIS_APPEARS_TO_BE_A_LIST_OF_RELATIONSHIPS_OR_PREDICATES_EXTRACTED_FROM_A_TEXT_LIKELY_RELATED_TO_AGRICULTURE_OR_GARDENING
0,EXPECTED_AT,1,PLANTED_IN,PLANTED_IN,THIS_APPEARS_TO_BE_A_LIST_OF_RELATIONSHIPS_OR_PREDICATES_EXTRACTED_FROM_A_TEXT_LIKELY_RELATED_TO_AGRICULTURE_OR_GARDENING
0,EXPERIMENTED_BY,1,PLANTED_IN,PLANTED_IN,THIS_APPEARS_TO_BE_A_LIST_OF_RELATIONSHIPS_OR_PREDICATES_EXTRACTED_FROM_A_TEXT_LIKELY_RELATED_TO_AGRICULTURE_OR_GARDENING
0,EXPOSED_TO,1,PLANTED_IN,PLANTED_IN,THIS_APPEARS_TO_BE_A_LIST_OF_RELATIONSHIPS_OR_PREDICATES_EXTRACTED_FROM_A_TEXT_LIKELY_RELATED_TO_AGRICULTURE_OR_GARDENING
0,EXPOSED_TO_AIR_AROUND,1,PLANTED_IN,PLANTED_IN,THIS_APPEARS_TO_BE_A_LIST_OF_RELATIONSHIPS_OR_PREDICATES_EXTRACTED_FROM_A_TEXT_LIKELY_RELATED_TO_AGRICULTURE_OR_GARDENING
0,EXPOSED_TO_AIR_BY_MEANS_OF,1,PLANTED_IN,PLANTED_IN,THIS_APPEARS_TO_BE_A_LIST_OF_RELATIONSHIPS_OR_PREDICATES_EXTRACTED_FROM_A_TEXT_LIKELY_RELATED_TO_AGRICULTURE_OR_GARDENING
0,EXPOSED_TO_LIGHT_THROUGH,1,PLANTED_IN,PLANTED_IN,THIS_APPEARS_TO_BE_A_LIST_OF_RELATIONSHIPS_OR_PREDICATES_EXTRACTED_FROM_A_TEXT_LIKELY_RELATED_TO_AGRICULTURE_OR_GARDENING
0,EXPOSED_TO_NATURAL_ELEMENT_FOR_AIRING,1,PLANTED_IN,PLANTED_IN,THIS_APPEARS_TO_BE_A_LIST_OF_RELATIONSHIPS_OR_PREDICATES_EXTRACTED_FROM_A_TEXT_LIKELY_RELATED_TO_AGRICULTURE_OR_GARDENING
0,EXPOSED_TO_WIND,1,PLANTED_IN,PLANTED_IN,THIS_APPEARS_TO_BE_A_LIST_OF_RELATIONSHIPS_OR_PREDICATES_EXTRACTED_FROM_A_TEXT_LIKELY_RELATED_TO_AGRICULTURE_OR_GARDENING
0,EXPOSURE_INFLUENCE_ON_GROWTH,1,PLANTED_IN,PLANTED_IN,THIS_APPEARS_TO_BE_A_LIST_OF_RELATIONSHIPS_OR_PREDICATES_EXTRACTED_FROM_A_TEXT_LIKELY_RELATED_TO_AGRICULTURE_OR_GARDENING
0,EXTENDS_INTO_PATHS,1,PLANTED_IN,PLANTED_IN,THIS_APPEARS_TO_BE_A_LIST_OF_RELATIONSHIPS_OR_PREDICATES_EXTRACTED_FROM_A_TEXT_LIKELY_RELATED_TO_AGRICULTURE_OR_GARDENING
0,EXTRACTED_FROM_ECONOMICS_DATA,1,PLANTED_IN,PLANTED_IN,THIS_APPEARS_TO_BE_A_LIST_OF_RELATIONSHIPS_OR_PREDICATES_EXTRACTED_FROM_A_TEXT_LIKELY_RELATED_TO_AGRICULTURE_OR_GARDENING
0,FAMILY_CLASSIFICATION,1,PLANTED_IN,PLANTED_IN,THIS_APPEARS_TO_BE_A_LIST_OF_RELATIONSHIPS_OR_PREDICATES_EXTRACTED_FROM_A_TEXT_LIKELY_RELATED_TO_AGRICULTURE_OR_GARDENING
0,FARMING_PRACTICE,1,PLANTED_IN,PLANTED_IN,THIS_APPEARS_TO_BE_A_LIST_OF_RELATIONSHIPS_OR_PREDICATES_EXTRACTED_FROM_A_TEXT_LIKELY_RELATED_TO_AGRICULTURE_OR_GARDENING
0,FED_BY,1,PLANTED_IN,PLANTED_IN,THIS_APPEARS_TO_BE_A_LIST_OF_RELATIONSHIPS_OR_PREDICATES_EXTRACTED_FROM_A_TEXT_LIKELY_RELATED_TO_AGRICULTURE_OR_GARDENING
0,FERTILIZED_WITH,1,PLANTED_IN,PLANTED_IN,THIS_APPEARS_TO_BE_A_LIST_OF_RELATIONSHIPS_OR_PREDICATES_EXTRACTED_FROM_A_TEXT_LIKELY_RELATED_TO_AGRICULTURE_OR_GARDENING
0,FIELD_PREPARATION_PRACTICE,1,PLANTED_IN,PLANTED_IN,THIS_APPEARS_TO_BE_A_LIST_OF_RELATIONSHIPS_OR_PREDICATES_EXTRACTED_FROM_A_TEXT_LIKELY_RELATED_TO_AGRICULTURE_OR_GARDENING
0,FILLED_WITH,1,PLANTED_IN,PLANTED_IN,THIS_APPEARS_TO_BE_A_LIST_OF_RELATIONSHIPS_OR_PREDICATES_EXTRACTED_FROM_A_TEXT_LIKELY_RELATED_TO_AGRICULTURE_OR_GARDENING
0,FILLED_WITH_SOIL,1,PLANTED_IN,PLANTED_IN,THIS_APPEARS_TO_BE_A_LIST_OF_RELATIONSHIPS_OR_PREDICATES_EXTRACTED_FROM_A_TEXT_LIKELY_RELATED_TO_AGRICULTURE_OR_GARDENING
0,IS FITTED_WITH,1,PLANTED_IN,PLANTED_IN,THIS_APPEARS_TO_BE_A_LIST_OF_RELATIONSHIPS_OR_PREDICATES_EXTRACTED_FROM_A_TEXT_LIKELY_RELATED_TO_AGRICULTURE_OR_GARDENING
0,FIX,1,PLANTED_IN,PLANTED_IN,THIS_APPEARS_TO_BE_A_LIST_OF_RELATIONSHIPS_OR_PREDICATES_EXTRACTED_FROM_A_TEXT_LIKELY_RELATED_TO_AGRICULTURE_OR_GARDENING
0,FLOWERS_IN,1,PLANTED_IN,PLANTED_IN,THIS_APPEARS_TO_BE_A_LIST_OF_RELATIONSHIPS_OR_PREDICATES_EXTRACTED_FROM_A_TEXT_LIKELY_RELATED_TO_AGRICULTURE_OR_GARDENING
0,FOLLOW_EXAMPLE_OF,1,PLANTED_IN,PLANTED_IN,THIS_APPEARS_TO_BE_A_LIST_OF_RELATIONSHIPS_OR_PREDICATES_EXTRACTED_FROM_A_TEXT_LIKELY_RELATED_TO_AGRICULTURE_OR_GARDENING
0,FOLLOWED_BY_CROP,1,PLANTED_IN,PLANTED_IN,THIS_APPEARS_TO_BE_A_LIST_OF_RELATIONSHIPS_OR_PREDICATES_EXTRACTED_FROM_A_TEXT_LIKELY_RELATED_TO_AGRICULTURE_OR_GARDENING
0,FOLLOWS_AFTER,1,PLANTED_IN,PLANTED_IN,THIS_APPEARS_TO_BE_A_LIST_OF_RELATIONSHIPS_OR_PREDICATES_EXTRACTED_FROM_A_TEXT_LIKELY_RELATED_TO_AGRICULTURE_OR_GARDENING
0,FOLLOWS_IN_DEVELOPMENT,1,PLANTED_IN,PLANTED_IN,THIS_APPEARS_TO_BE_A_LIST_OF_RELATIONSHIPS_OR_PREDICATES_EXTRACTED_FROM_A_TEXT_LIKELY_RELATED_TO_AGRICULTURE_OR_GARDENING
0,CAN_BE_FORCED_IN_NOVEMBER_WITH_16_CM_COMPOST_LAYER_AND_CLOVER,1,PLANTED_IN,PLANTED_IN,THIS_APPEARS_TO_BE_A_LIST_OF_RELATIONSHIPS_OR_PREDICATES_EXTRACTED_FROM_A_TEXT_LIKELY_RELATED_TO_AGRICULTURE_OR_GARDENING
0,FORMS_INTO,1,PLANTED_IN,PLANTED_IN,THIS_APPEARS_TO_BE_A_LIST_OF_RELATIONSHIPS_OR_PREDICATES_EXTRACTED_FROM_A_TEXT_LIKELY_RELATED_TO_AGRICULTURE_OR_GARDENING
0,FOUNDED_PRIZE,1,PLANTED_IN,PLANTED_IN,THIS_APPEARS_TO_BE_A_LIST_OF_RELATIONSHIPS_OR_PREDICATES_EXTRACTED_FROM_A_TEXT_LIKELY_RELATED_TO_AGRICULTURE_OR_GARDENING
0,FRAME_CONTAINS_PLANT,1,PLANTED_IN,PLANTED_IN,THIS_APPEARS_TO_BE_A_LIST_OF_RELATIONSHIPS_OR_PREDICATES_EXTRACTED_FROM_A_TEXT_LIKELY_RELATED_TO_AGRICULTURE_OR_GARDENING
0,FRAMES_AREUSED_WITH_PEAS,1,PLANTED_IN,PLANTED_IN,THIS_APPEARS_TO_BE_A_LIST_OF_RELATIONSHIPS_OR_PREDICATES_EXTRACTED_FROM_A_TEXT_LIKELY_RELATED_TO_AGRICULTURE_OR_GARDENING
0,FREE_FROM,1,PLANTED_IN,PLANTED_IN,THIS_APPEARS_TO_BE_A_LIST_OF_RELATIONSHIPS_OR_PREDICATES_EXTRACTED_FROM_A_TEXT_LIKELY_RELATED_TO_AGRICULTURE_OR_GARDENING
0,FREEZE_IMPACT,1,PLANTED_IN,PLANTED_IN,THIS_APPEARS_TO_BE_A_LIST_OF_RELATIONSHIPS_OR_PREDICATES_EXTRACTED_FROM_A_TEXT_LIKELY_RELATED_TO_AGRICULTURE_OR_GARDENING
0,FRUITS_AFFECTED_BY,1,PLANTED_IN,PLANTED_IN,THIS_APPEARS_TO_BE_A_LIST_OF_RELATIONSHIPS_OR_PREDICATES_EXTRACTED_FROM_A_TEXT_LIKELY_RELATED_TO_AGRICULTURE_OR_GARDENING
0,GAVE_BACK,1,PLANTED_IN,PLANTED_IN,THIS_APPEARS_TO_BE_A_LIST_OF_RELATIONSHIPS_OR_PREDICATES_EXTRACTED_FROM_A_TEXT_LIKELY_RELATED_TO_AGRICULTURE_OR_GARDENING
0,GERMINATED_IN,1,PLANTED_IN,PLANTED_IN,THIS_APPEARS_TO_BE_A_LIST_OF_RELATIONSHIPS_OR_PREDICATES_EXTRACTED_FROM_A_TEXT_LIKELY_RELATED_TO_AGRICULTURE_OR_GARDENING
0,GERMINATES_WITHIN,1,PLANTED_IN,PLANTED_IN,THIS_APPEARS_TO_BE_A_LIST_OF_RELATIONSHIPS_OR_PREDICATES_EXTRACTED_FROM_A_TEXT_LIKELY_RELATED_TO_AGRICULTURE_OR_GARDENING
0,GERMINATION_TIMEFRAME,1,PLANTED_IN,PLANTED_IN,THIS_APPEARS_TO_BE_A_LIST_OF_RELATIONSHIPS_OR_PREDICATES_EXTRACTED_FROM_A_TEXT_LIKELY_RELATED_TO_AGRICULTURE_OR_GARDENING
0,GEUREA_FAMILY_CONTAINS,1,PLANTED_IN,PLANTED_IN,THIS_APPEARS_TO_BE_A_LIST_OF_RELATIONSHIPS_OR_PREDICATES_EXTRACTED_FROM_A_TEXT_LIKELY_RELATED_TO_AGRICULTURE_OR_GARDENING
0,GIVEN_AIR_GRADUALLY,1,PLANTED_IN,PLANTED_IN,THIS_APPEARS_TO_BE_A_LIST_OF_RELATIONSHIPS_OR_PREDICATES_EXTRACTED_FROM_A_TEXT_LIKELY_RELATED_TO_AGRICULTURE_OR_GARDENING
0,GIVEN_AIR_USING,1,PLANTED_IN,PLANTED_IN,THIS_APPEARS_TO_BE_A_LIST_OF_RELATIONSHIPS_OR_PREDICATES_EXTRACTED_FROM_A_TEXT_LIKELY_RELATED_TO_AGRICULTURE_OR_GARDENING
0,GIVEN_AIR_WHEN_POSSIBLE,1,PLANTED_IN,PLANTED_IN,THIS_APPEARS_TO_BE_A_LIST_OF_RELATIONSHIPS_OR_PREDICATES_EXTRACTED_FROM_A_TEXT_LIKELY_RELATED_TO_AGRICULTURE_OR_GARDENING
0,GOES_TO_SEED,1,PLANTED_IN,PLANTED_IN,THIS_APPEARS_TO_BE_A_LIST_OF_RELATIONSHIPS_OR_PREDICATES_EXTRACTED_FROM_A_TEXT_LIKELY_RELATED_TO_AGRICULTURE_OR_GARDENING
0,IS_GOOD_FOR,1,PLANTED_IN,PLANTED_IN,THIS_APPEARS_TO_BE_A_LIST_OF_RELATIONSHIPS_OR_PREDICATES_EXTRACTED_FROM_A_TEXT_LIKELY_RELATED_TO_AGRICULTURE_OR_GARDENING
0,GOPTED_WITH,1,PLANTED_IN,PLANTED_IN,THIS_APPEARS_TO_BE_A_LIST_OF_RELATIONSHIPS_OR_PREDICATES_EXTRACTED_FROM_A_TEXT_LIKELY_RELATED_TO_AGRICULTURE_OR_GARDENING
0,GREW_STRONG_ENOUGH_TO_BE_TRANSPLANTED_IN,1,PLANTED_IN,PLANTED_IN,THIS_APPEARS_TO_BE_A_LIST_OF_RELATIONSHIPS_OR_PREDICATES_EXTRACTED_FROM_A_TEXT_LIKELY_RELATED_TO_AGRICULTURE_OR_GARDENING
0,GROUPED_WITH,1,PLANTED_IN,PLANTED_IN,THIS_APPEARS_TO_BE_A_LIST_OF_RELATIONSHIPS_OR_PREDICATES_EXTRACTED_FROM_A_TEXT_LIKELY_RELATED_TO_AGRICULTURE_OR_GARDENING
0,CAN_BE_GROWN_AGAIN_IN,1,PLANTED_IN,PLANTED_IN,THIS_APPEARS_TO_BE_A_LIST_OF_RELATIONSHIPS_OR_PREDICATES_EXTRACTED_FROM_A_TEXT_LIKELY_RELATED_TO_AGRICULTURE_OR_GARDENING
0,GROWN_AROUND,1,PLANTED_IN,PLANTED_IN,THIS_APPEARS_TO_BE_A_LIST_OF_RELATIONSHIPS_OR_PREDICATES_EXTRACTED_FROM_A_TEXT_LIKELY_RELATED_TO_AGRICULTURE_OR_GARDENING
0,GROWN_AS,1,PLANTED_IN,PLANTED_IN,THIS_APPEARS_TO_BE_A_LIST_OF_RELATIONSHIPS_OR_PREDICATES_EXTRACTED_FROM_A_TEXT_LIKELY_RELATED_TO_AGRICULTURE_OR_GARDENING
0,GROWN_AT,1,PLANTED_IN,PLANTED_IN,THIS_APPEARS_TO_BE_A_LIST_OF_RELATIONSHIPS_OR_PREDICATES_EXTRACTED_FROM_A_TEXT_LIKELY_RELATED_TO_AGRICULTURE_OR_GARDENING
0,GROWN_FOR,1,PLANTED_IN,PLANTED_IN,THIS_APPEARS_TO_BE_A_LIST_OF_RELATIONSHIPS_OR_PREDICATES_EXTRACTED_FROM_A_TEXT_LIKELY_RELATED_TO_AGRICULTURE_OR_GARDENING
0,IS_GROWN_FOR_FORCED_CULTIVATION,1,PLANTED_IN,PLANTED_IN,THIS_APPEARS_TO_BE_A_LIST_OF_RELATIONSHIPS_OR_PREDICATES_EXTRACTED_FROM_A_TEXT_LIKELY_RELATED_TO_AGRICULTURE_OR_GARDENING
0,GROWN_IN_CLOSE_PROXIMITY_TO,1,PLANTED_IN,PLANTED_IN,THIS_APPEARS_TO_BE_A_LIST_OF_RELATIONSHIPS_OR_PREDICATES_EXTRACTED_FROM_A_TEXT_LIKELY_RELATED_TO_AGRICULTURE_OR_GARDENING
0,GROWN_IN_CONDITION,1,PLANTED_IN,PLANTED_IN,THIS_APPEARS_TO_BE_A_LIST_OF_RELATIONSHIPS_OR_PREDICATES_EXTRACTED_FROM_A_TEXT_LIKELY_RELATED_TO_AGRICULTURE_OR_GARDENING
0,GROWN_IN_FRAMES,1,PLANTED_IN,PLANTED_IN,THIS_APPEARS_TO_BE_A_LIST_OF_RELATIONSHIPS_OR_PREDICATES_EXTRACTED_FROM_A_TEXT_LIKELY_RELATED_TO_AGRICULTURE_OR_GARDENING
0,GROWN_IN_MANURE_FILLED_PITS,1,PLANTED_IN,PLANTED_IN,THIS_APPEARS_TO_BE_A_LIST_OF_RELATIONSHIPS_OR_PREDICATES_EXTRACTED_FROM_A_TEXT_LIKELY_RELATED_TO_AGRICULTURE_OR_GARDENING
0,GROWN_IN_MONTHS_OF_THE_YEAR,1,PLANTED_IN,PLANTED_IN,THIS_APPEARS_TO_BE_A_LIST_OF_RELATIONSHIPS_OR_PREDICATES_EXTRACTED_FROM_A_TEXT_LIKELY_RELATED_TO_AGRICULTURE_OR_GARDENING
0,GROWN_IN_PREFERENCE_TO,1,PLANTED_IN,PLANTED_IN,THIS_APPEARS_TO_BE_A_LIST_OF_RELATIONSHIPS_OR_PREDICATES_EXTRACTED_FROM_A_TEXT_LIKELY_RELATED_TO_AGRICULTURE_OR_GARDENING
0,GROWN_IN_SPECIFIC_REGIONS_OR_SETTINGS,1,PLANTED_IN,PLANTED_IN,THIS_APPEARS_TO_BE_A_LIST_OF_RELATIONSHIPS_OR_PREDICATES_EXTRACTED_FROM_A_TEXT_LIKELY_RELATED_TO_AGRICULTURE_OR_GARDENING
0,GROWN_IN.STAGE,1,PLANTED_IN,PLANTED_IN,THIS_APPEARS_TO_BE_A_LIST_OF_RELATIONSHIPS_OR_PREDICATES_EXTRACTED_FROM_A_TEXT_LIKELY_RELATED_TO_AGRICULTURE_OR_GARDENING
0,GROWN_NEAR,1,PLANTED_IN,PLANTED_IN,THIS_APPEARS_TO_BE_A_LIST_OF_RELATIONSHIPS_OR_PREDICATES_EXTRACTED_FROM_A_TEXT_LIKELY_RELATED_TO_AGRICULTURE_OR_GARDENING
0,GROWN_ON_COASTAL_REGIONS,1,PLANTED_IN,PLANTED_IN,THIS_APPEARS_TO_BE_A_LIST_OF_RELATIONSHIPS_OR_PREDICATES_EXTRACTED_FROM_A_TEXT_LIKELY_RELATED_TO_AGRICULTURE_OR_GARDENING
0,GROWN_SIMILARLY_TO,1,PLANTED_IN,PLANTED_IN,THIS_APPEARS_TO_BE_A_LIST_OF_RELATIONSHIPS_OR_PREDICATES_EXTRACTED_FROM_A_TEXT_LIKELY_RELATED_TO_AGRICULTURE_OR_GARDENING
0,GROWN_TO_LENGTH,1,PLANTED_IN,PLANTED_IN,THIS_APPEARS_TO_BE_A_LIST_OF_RELATIONSHIPS_OR_PREDICATES_EXTRACTED_FROM_A_TEXT_LIKELY_RELATED_TO_AGRICULTURE_OR_GARDENING
0,GROWN_UNDER_STRUCTURE,1,PLANTED_IN,PLANTED_IN,THIS_APPEARS_TO_BE_A_LIST_OF_RELATIONSHIPS_OR_PREDICATES_EXTRACTED_FROM_A_TEXT_LIKELY_RELATED_TO_AGRICULTURE_OR_GARDENING
0,GROWS_AFTER,1,PLANTED_IN,PLANTED_IN,THIS_APPEARS_TO_BE_A_LIST_OF_RELATIONSHIPS_OR_PREDICATES_EXTRACTED_FROM_A_TEXT_LIKELY_RELATED_TO_AGRICULTURE_OR_GARDENING
0,GROWS_AT_DIFFERENT_RATES_THAN,1,PLANTED_IN,PLANTED_IN,THIS_APPEARS_TO_BE_A_LIST_OF_RELATIONSHIPS_OR_PREDICATES_EXTRACTED_FROM_A_TEXT_LIKELY_RELATED_TO_AGRICULTURE_OR_GARDENING
0,GROWS_FAST,1,PLANTED_IN,PLANTED_IN,THIS_APPEARS_TO_BE_A_LIST_OF_RELATIONSHIPS_OR_PREDICATES_EXTRACTED_FROM_A_TEXT_LIKELY_RELATED_TO_AGRICULTURE_OR_GARDENING
0,GROWS_FROM,1,PLANTED_IN,PLANTED_IN,THIS_APPEARS_TO_BE_A_LIST_OF_RELATIONSHIPS_OR_PREDICATES_EXTRACTED_FROM_A_TEXT_LIKELY_RELATED_TO_AGRICULTURE_OR_GARDENING
0,GROWS_IN_CONDITIONS_OF,1,PLANTED_IN,PLANTED_IN,THIS_APPEARS_TO_BE_A_LIST_OF_RELATIONSHIPS_OR_PREDICATES_EXTRACTED_FROM_A_TEXT_LIKELY_RELATED_TO_AGRICULTURE_OR_GARDENING
0,GROWS_IN_SEASON,1,PLANTED_IN,PLANTED_IN,THIS_APPEARS_TO_BE_A_LIST_OF_RELATIONSHIPS_OR_PREDICATES_EXTRACTED_FROM_A_TEXT_LIKELY_RELATED_TO_AGRICULTURE_OR_GARDENING
0,GROWS_IN_WIDTH,1,PLANTED_IN,PLANTED_IN,THIS_APPEARS_TO_BE_A_LIST_OF_RELATIONSHIPS_OR_PREDICATES_EXTRACTED_FROM_A_TEXT_LIKELY_RELATED_TO_AGRICULTURE_OR_GARDENING
0,GROWS_INTO_FRUIT,1,PLANTED_IN,PLANTED_IN,THIS_APPEARS_TO_BE_A_LIST_OF_RELATIONSHIPS_OR_PREDICATES_EXTRACTED_FROM_A_TEXT_LIKELY_RELATED_TO_AGRICULTURE_OR_GARDENING
0,GROWS_ON,1,PLANTED_IN,PLANTED_IN,THIS_APPEARS_TO_BE_A_LIST_OF_RELATIONSHIPS_OR_PREDICATES_EXTRACTED_FROM_A_TEXT_LIKELY_RELATED_TO_AGRICULTURE_OR_GARDENING
0,GROWS_PRODUCE,1,PLANTED_IN,PLANTED_IN,THIS_APPEARS_TO_BE_A_LIST_OF_RELATIONSHIPS_OR_PREDICATES_EXTRACTED_FROM_A_TEXT_LIKELY_RELATED_TO_AGRICULTURE_OR_GARDENING
0,GROWTH_CONDITION_REQUIRES,1,PLANTED_IN,PLANTED_IN,THIS_APPEARS_TO_BE_A_LIST_OF_RELATIONSHIPS_OR_PREDICATES_EXTRACTED_FROM_A_TEXT_LIKELY_RELATED_TO_AGRICULTURE_OR_GARDENING
0,GROWTH_RATE_COMPARISON,1,PLANTED_IN,PLANTED_IN,THIS_APPEARS_TO_BE_A_LIST_OF_RELATIONSHIPS_OR_PREDICATES_EXTRACTED_FROM_A_TEXT_LIKELY_RELATED_TO_AGRICULTURE_OR_GARDENING
0,GROWTH_RESTRICTED_IN,1,PLANTED_IN,PLANTED_IN,THIS_APPEARS_TO_BE_A_LIST_OF_RELATIONSHIPS_OR_PREDICATES_EXTRACTED_FROM_A_TEXT_LIKELY_RELATED_TO_AGRICULTURE_OR_GARDENING
0,GROWTH_STAGE_IS_REACHED_ON,1,PLANTED_IN,PLANTED_IN,THIS_APPEARS_TO_BE_A_LIST_OF_RELATIONSHIPS_OR_PREDICATES_EXTRACTED_FROM_A_TEXT_LIKELY_RELATED_TO_AGRICULTURE_OR_GARDENING
0,GROWTH_STAGE_OCCURS_AFTER,1,PLANTED_IN,PLANTED_IN,THIS_APPEARS_TO_BE_A_LIST_OF_RELATIONSHIPS_OR_PREDICATES_EXTRACTED_FROM_A_TEXT_LIKELY_RELATED_TO_AGRICULTURE_OR_GARDENING
0,GROWTH_STAGE_TRANSITION_ON,1,PLANTED_IN,PLANTED_IN,THIS_APPEARS_TO_BE_A_LIST_OF_RELATIONSHIPS_OR_PREDICATES_EXTRACTED_FROM_A_TEXT_LIKELY_RELATED_TO_AGRICULTURE_OR_GARDENING
0,HAD_COMPETITION_OPEN,1,PLANTED_IN,PLANTED_IN,THIS_APPEARS_TO_BE_A_LIST_OF_RELATIONSHIPS_OR_PREDICATES_EXTRACTED_FROM_A_TEXT_LIKELY_RELATED_TO_AGRICULTURE_OR_GARDENING
0,HAIR_FAVORABLE_FOR_GROWTH_IN,1,PLANTED_IN,PLANTED_IN,THIS_APPEARS_TO_BE_A_LIST_OF_RELATIONSHIPS_OR_PREDICATES_EXTRACTED_FROM_A_TEXT_LIKELY_RELATED_TO_AGRICULTURE_OR_GARDENING
0,HAND_PLANTED,1,PLANTED_IN,PLANTED_IN,THIS_APPEARS_TO_BE_A_LIST_OF_RELATIONSHIPS_OR_PREDICATES_EXTRACTED_FROM_A_TEXT_LIKELY_RELATED_TO_AGRICULTURE_OR_GARDENING
0,HANDLED_BY_SPECIFIC_GROUP_OF_PEOPLE,1,PLANTED_IN,PLANTED_IN,THIS_APPEARS_TO_BE_A_LIST_OF_RELATIONSHIPS_OR_PREDICATES_EXTRACTED_FROM_A_TEXT_LIKELY_RELATED_TO_AGRICULTURE_OR_GARDENING
0,HAPPENS_BEFORE,1,PLANTED_IN,PLANTED_IN,THIS_APPEARS_TO_BE_A_LIST_OF_RELATIONSHIPS_OR_PREDICATES_EXTRACTED_FROM_A_TEXT_LIKELY_RELATED_TO_AGRICULTURE_OR_GARDENING
0,HARROWED_WITH,1,PLANTED_IN,PLANTED_IN,THIS_APPEARS_TO_BE_A_LIST_OF_RELATIONSHIPS_OR_PREDICATES_EXTRACTED_FROM_A_TEXT_LIKELY_RELATED_TO_AGRICULTURE_OR_GARDENING
0,HARVEST_SEASON,1,PLANTED_IN,PLANTED_IN,THIS_APPEARS_TO_BE_A_LIST_OF_RELATIONSHIPS_OR_PREDICATES_EXTRACTED_FROM_A_TEXT_LIKELY_RELATED_TO_AGRICULTURE_OR_GARDENING
0,HARVESTABLE_IN_AUTUMN,1,PLANTED_IN,PLANTED_IN,THIS_APPEARS_TO_BE_A_LIST_OF_RELATIONSHIPS_OR_PREDICATES_EXTRACTED_FROM_A_TEXT_LIKELY_RELATED_TO_AGRICULTURE_OR_GARDENING
0,HARVESTED,1,PLANTED_IN,PLANTED_IN,THIS_APPEARS_TO_BE_A_LIST_OF_RELATIONSHIPS_OR_PREDICATES_EXTRACTED_FROM_A_TEXT_LIKELY_RELATED_TO_AGRICULTURE_OR_GARDENING
0,HARVESTED_AFTER,1,PLANTED_IN,PLANTED_IN,THIS_APPEARS_TO_BE_A_LIST_OF_RELATIONSHIPS_OR_PREDICATES_EXTRACTED_FROM_A_TEXT_LIKELY_RELATED_TO_AGRICULTURE_OR_GARDENING
0,HARVESTED_AT_BEGINNING_OF_FEBRUARY,1,PLANTED_IN,PLANTED_IN,THIS_APPEARS_TO_BE_A_LIST_OF_RELATIONSHIPS_OR_PREDICATES_EXTRACTED_FROM_A_TEXT_LIKELY_RELATED_TO_AGRICULTURE_OR_GARDENING
0,HARVESTED_AT_SPECIFIC_TIME,1,PLANTED_IN,PLANTED_IN,THIS_APPEARS_TO_BE_A_LIST_OF_RELATIONSHIPS_OR_PREDICATES_EXTRACTED_FROM_A_TEXT_LIKELY_RELATED_TO_AGRICULTURE_OR_GARDENING
0,IS_HARVESTED_BY,1,PLANTED_IN,PLANTED_IN,THIS_APPEARS_TO_BE_A_LIST_OF_RELATIONSHIPS_OR_PREDICATES_EXTRACTED_FROM_A_TEXT_LIKELY_RELATED_TO_AGRICULTURE_OR_GARDENING
0,HARVESTED_DURING,1,PLANTED_IN,PLANTED_IN,THIS_APPEARS_TO_BE_A_LIST_OF_RELATIONSHIPS_OR_PREDICATES_EXTRACTED_FROM_A_TEXT_LIKELY_RELATED_TO_AGRICULTURE_OR_GARDENING
0,HARVESTED_FOR,1,PLANTED_IN,PLANTED_IN,THIS_APPEARS_TO_BE_A_LIST_OF_RELATIONSHIPS_OR_PREDICATES_EXTRACTED_FROM_A_TEXT_LIKELY_RELATED_TO_AGRICULTURE_OR_GARDENING
0,HARVESTED_IN_MONTH,1,PLANTED_IN,PLANTED_IN,THIS_APPEARS_TO_BE_A_LIST_OF_RELATIONSHIPS_OR_PREDICATES_EXTRACTED_FROM_A_TEXT_LIKELY_RELATED_TO_AGRICULTURE_OR_GARDENING
0,HARVESTED_IN_OCTOBER,1,PLANTED_IN,PLANTED_IN,THIS_APPEARS_TO_BE_A_LIST_OF_RELATIONSHIPS_OR_PREDICATES_EXTRACTED_FROM_A_TEXT_LIKELY_RELATED_TO_AGRICULTURE_OR_GARDENING
0,HARVESTED_IN_SEASON,1,PLANTED_IN,PLANTED_IN,THIS_APPEARS_TO_BE_A_LIST_OF_RELATIONSHIPS_OR_PREDICATES_EXTRACTED_FROM_A_TEXT_LIKELY_RELATED_TO_AGRICULTURE_OR_GARDENING
0,CAN_BE_HARVESTED_IN_SUMMER,1,PLANTED_IN,PLANTED_IN,THIS_APPEARS_TO_BE_A_LIST_OF_RELATIONSHIPS_OR_PREDICATES_EXTRACTED_FROM_A_TEXT_LIKELY_RELATED_TO_AGRICULTURE_OR_GARDENING
0,HARVESTED_ON,1,PLANTED_IN,PLANTED_IN,THIS_APPEARS_TO_BE_A_LIST_OF_RELATIONSHIPS_OR_PREDICATES_EXTRACTED_FROM_A_TEXT_LIKELY_RELATED_TO_AGRICULTURE_OR_GARDENING
0,HARVESTED_ON_DATE,1,PLANTED_IN,PLANTED_IN,THIS_APPEARS_TO_BE_A_LIST_OF_RELATIONSHIPS_OR_PREDICATES_EXTRACTED_FROM_A_TEXT_LIKELY_RELATED_TO_AGRICULTURE_OR_GARDENING
0,HARVESTED_ON_END_DATE,1,PLANTED_IN,PLANTED_IN,THIS_APPEARS_TO_BE_A_LIST_OF_RELATIONSHIPS_OR_PREDICATES_EXTRACTED_FROM_A_TEXT_LIKELY_RELATED_TO_AGRICULTURE_OR_GARDENING
0,HARVESTS_EVERY,1,PLANTED_IN,PLANTED_IN,THIS_APPEARS_TO_BE_A_LIST_OF_RELATIONSHIPS_OR_PREDICATES_EXTRACTED_FROM_A_TEXT_LIKELY_RELATED_TO_AGRICULTURE_OR_GARDENING
0,HAS_CHARACTERISTIC,1,PLANTED_IN,PLANTED_IN,THIS_APPEARS_TO_BE_A_LIST_OF_RELATIONSHIPS_OR_PREDICATES_EXTRACTED_FROM_A_TEXT_LIKELY_RELATED_TO_AGRICULTURE_OR_GARDENING
0,HAS_CHARACTERISTICS,1,PLANTED_IN,PLANTED_IN,THIS_APPEARS_TO_BE_A_LIST_OF_RELATIONSHIPS_OR_PREDICATES_EXTRACTED_FROM_A_TEXT_LIKELY_RELATED_TO_AGRICULTURE_OR_GARDENING
0,HAS_COMPONENTS,1,PLANTED_IN,PLANTED_IN,THIS_APPEARS_TO_BE_A_LIST_OF_RELATIONSHIPS_OR_PREDICATES_EXTRACTED_FROM_A_TEXT_LIKELY_RELATED_TO_AGRICULTURE_OR_GARDENING
0,-has_condition-relationship,1,PLANTED_IN,PLANTED_IN,THIS_APPEARS_TO_BE_A_LIST_OF_RELATIONSHIPS_OR_PREDICATES_EXTRACTED_FROM_A_TEXT_LIKELY_RELATED_TO_AGRICULTURE_OR_GARDENING
0,HAS_CROP,1,PLANTED_IN,PLANTED_IN,THIS_APPEARS_TO_BE_A_LIST_OF_RELATIONSHIPS_OR_PREDICATES_EXTRACTED_FROM_A_TEXT_LIKELY_RELATED_TO_AGRICULTURE_OR_GARDENING
0,HAS_CROP_RELATIONSHIP_WITH,1,PLANTED_IN,PLANTED_IN,THIS_APPEARS_TO_BE_A_LIST_OF_RELATIONSHIPS_OR_PREDICATES_EXTRACTED_FROM_A_TEXT_LIKELY_RELATED_TO_AGRICULTURE_OR_GARDENING
0,HAS_CROSSBEAM_CONNECTING_TIMBERS,1,PLANTED_IN,PLANTED_IN,THIS_APPEARS_TO_BE_A_LIST_OF_RELATIONSHIPS_OR_PREDICATES_EXTRACTED_FROM_A_TEXT_LIKELY_RELATED_TO_AGRICULTURE_OR_GARDENING
0,HAS_FRAME,1,PLANTED_IN,PLANTED_IN,THIS_APPEARS_TO_BE_A_LIST_OF_RELATIONSHIPS_OR_PREDICATES_EXTRACTED_FROM_A_TEXT_LIKELY_RELATED_TO_AGRICULTURE_OR_GARDENING
0,HAS_FRUIT_LENGTH,1,PLANTED_IN,PLANTED_IN,THIS_APPEARS_TO_BE_A_LIST_OF_RELATIONSHIPS_OR_PREDICATES_EXTRACTED_FROM_A_TEXT_LIKELY_RELATED_TO_AGRICULTURE_OR_GARDENING
0,HAS_FRUITING_STAGE,1,PLANTED_IN,PLANTED_IN,THIS_APPEARS_TO_BE_A_LIST_OF_RELATIONSHIPS_OR_PREDICATES_EXTRACTED_FROM_A_TEXT_LIKELY_RELATED_TO_AGRICULTURE_OR_GARDENING
0,HAS_GROWTH_PATTERN,1,PLANTED_IN,PLANTED_IN,THIS_APPEARS_TO_BE_A_LIST_OF_RELATIONSHIPS_OR_PREDICATES_EXTRACTED_FROM_A_TEXT_LIKELY_RELATED_TO_AGRICULTURE_OR_GARDENING
0,HAS_GROWTH_STAGE_RELATIONSHIP_WITH,1,PLANTED_IN,PLANTED_IN,THIS_APPEARS_TO_BE_A_LIST_OF_RELATIONSHIPS_OR_PREDICATES_EXTRACTED_FROM_A_TEXT_LIKELY_RELATED_TO_AGRICULTURE_OR_GARDENING
0,HAS_HARVESTING_SCHEDULE,1,PLANTED_IN,PLANTED_IN,THIS_APPEARS_TO_BE_A_LIST_OF_RELATIONSHIPS_OR_PREDICATES_EXTRACTED_FROM_A_TEXT_LIKELY_RELATED_TO_AGRICULTURE_OR_GARDENING
0,HAS_LEAF_CHARACTERISTICS,1,PLANTED_IN,PLANTED_IN,THIS_APPEARS_TO_BE_A_LIST_OF_RELATIONSHIPS_OR_PREDICATES_EXTRACTED_FROM_A_TEXT_LIKELY_RELATED_TO_AGRICULTURE_OR_GARDENING
0,HAS_LEAVES,1,PLANTED_IN,PLANTED_IN,THIS_APPEARS_TO_BE_A_LIST_OF_RELATIONSHIPS_OR_PREDICATES_EXTRACTED_FROM_A_TEXT_LIKELY_RELATED_TO_AGRICULTURE_OR_GARDENING
0,HAS_PART,1,PLANTED_IN,PLANTED_IN,THIS_APPEARS_TO_BE_A_LIST_OF_RELATIONSHIPS_OR_PREDICATES_EXTRACTED_FROM_A_TEXT_LIKELY_RELATED_TO_AGRICULTURE_OR_GARDENING
0,HAS_PARTS,1,PLANTED_IN,PLANTED_IN,THIS_APPEARS_TO_BE_A_LIST_OF_RELATIONSHIPS_OR_PREDICATES_EXTRACTED_FROM_A_TEXT_LIKELY_RELATED_TO_AGRICULTURE_OR_GARDENING
0,HAS_PATTERN,1,PLANTED_IN,PLANTED_IN,THIS_APPEARS_TO_BE_A_LIST_OF_RELATIONSHIPS_OR_PREDICATES_EXTRACTED_FROM_A_TEXT_LIKELY_RELATED_TO_AGRICULTURE_OR_GARDENING
0,HAS_PEST_RELATIONSHIP_WITH,1,PLANTED_IN,PLANTED_IN,THIS_APPEARS_TO_BE_A_LIST_OF_RELATIONSHIPS_OR_PREDICATES_EXTRACTED_FROM_A_TEXT_LIKELY_RELATED_TO_AGRICULTURE_OR_GARDENING
0,HAS_PRACTICE,1,PLANTED_IN,PLANTED_IN,THIS_APPEARS_TO_BE_A_LIST_OF_RELATIONSHIPS_OR_PREDICATES_EXTRACTED_FROM_A_TEXT_LIKELY_RELATED_TO_AGRICULTURE_OR_GARDENING
0,HAS_PRUNING_PRACTICE,1,PLANTED_IN,PLANTED_IN,THIS_APPEARS_TO_BE_A_LIST_OF_RELATIONSHIPS_OR_PREDICATES_EXTRACTED_FROM_A_TEXT_LIKELY_RELATED_TO_AGRICULTURE_OR_GARDENING
0,HAS_PRUNING_STAGE,1,PLANTED_IN,PLANTED_IN,THIS_APPEARS_TO_BE_A_LIST_OF_RELATIONSHIPS_OR_PREDICATES_EXTRACTED_FROM_A_TEXT_LIKELY_RELATED_TO_AGRICULTURE_OR_GARDENING
0,HAS_PULLEY,1,PLANTED_IN,PLANTED_IN,THIS_APPEARS_TO_BE_A_LIST_OF_RELATIONSHIPS_OR_PREDICATES_EXTRACTED_FROM_A_TEXT_LIKELY_RELATED_TO_AGRICULTURE_OR_GARDENING
0,HAS_RELATIONSHIP_WITH,1,PLANTED_IN,PLANTED_IN,THIS_APPEARS_TO_BE_A_LIST_OF_RELATIONSHIPS_OR_PREDICATES_EXTRACTED_FROM_A_TEXT_LIKELY_RELATED_TO_AGRICULTURE_OR_GARDENING
0,HAS_RELATIONSHIP_WITH_SOIL_HUMIDITY,1,PLANTED_IN,PLANTED_IN,THIS_APPEARS_TO_BE_A_LIST_OF_RELATIONSHIPS_OR_PREDICATES_EXTRACTED_FROM_A_TEXT_LIKELY_RELATED_TO_AGRICULTURE_OR_GARDENING
0,HAS_REPUTATION_AS,1,PLANTED_IN,PLANTED_IN,THIS_APPEARS_TO_BE_A_LIST_OF_RELATIONSHIPS_OR_PREDICATES_EXTRACTED_FROM_A_TEXT_LIKELY_RELATED_TO_AGRICULTURE_OR_GARDENING
0,HAS_SAME_GROWTH_PATTERN,1,PLANTED_IN,PLANTED_IN,THIS_APPEARS_TO_BE_A_LIST_OF_RELATIONSHIPS_OR_PREDICATES_EXTRACTED_FROM_A_TEXT_LIKELY_RELATED_TO_AGRICULTURE_OR_GARDENING
0,HAS_SEASONAL_CYCLE,1,PLANTED_IN,PLANTED_IN,THIS_APPEARS_TO_BE_A_LIST_OF_RELATIONSHIPS_OR_PREDICATES_EXTRACTED_FROM_A_TEXT_LIKELY_RELATED_TO_AGRICULTURE_OR_GARDENING
0,HAS_SEED_CHARACTERISTICS,1,PLANTED_IN,PLANTED_IN,THIS_APPEARS_TO_BE_A_LIST_OF_RELATIONSHIPS_OR_PREDICATES_EXTRACTED_FROM_A_TEXT_LIKELY_RELATED_TO_AGRICULTURE_OR_GARDENING
0,HAS_SEED_LENGTH,1,PLANTED_IN,PLANTED_IN,THIS_APPEARS_TO_BE_A_LIST_OF_RELATIONSHIPS_OR_PREDICATES_EXTRACTED_FROM_A_TEXT_LIKELY_RELATED_TO_AGRICULTURE_OR_GARDENING
0,HAS_SHAPE,1,PLANTED_IN,PLANTED_IN,THIS_APPEARS_TO_BE_A_LIST_OF_RELATIONSHIPS_OR_PREDICATES_EXTRACTED_FROM_A_TEXT_LIKELY_RELATED_TO_AGRICULTURE_OR_GARDENING
0,HAS_SIMILAR_SEED_TO,1,PLANTED_IN,PLANTED_IN,THIS_APPEARS_TO_BE_A_LIST_OF_RELATIONSHIPS_OR_PREDICATES_EXTRACTED_FROM_A_TEXT_LIKELY_RELATED_TO_AGRICULTURE_OR_GARDENING
0,HAS_SIZE_SIMILAR_TO,1,PLANTED_IN,PLANTED_IN,THIS_APPEARS_TO_BE_A_LIST_OF_RELATIONSHIPS_OR_PREDICATES_EXTRACTED_FROM_A_TEXT_LIKELY_RELATED_TO_AGRICULTURE_OR_GARDENING
0,HAS_SPECIES,1,PLANTED_IN,PLANTED_IN,THIS_APPEARS_TO_BE_A_LIST_OF_RELATIONSHIPS_OR_PREDICATES_EXTRACTED_FROM_A_TEXT_LIKELY_RELATED_TO_AGRICULTURE_OR_GARDENING
0,HAS_TIMBER_SUPPORTS,1,PLANTED_IN,PLANTED_IN,THIS_APPEARS_TO_BE_A_LIST_OF_RELATIONSHIPS_OR_PREDICATES_EXTRACTED_FROM_A_TEXT_LIKELY_RELATED_TO_AGRICULTURE_OR_GARDENING
0,HAS_TOOL,1,PLANTED_IN,PLANTED_IN,THIS_APPEARS_TO_BE_A_LIST_OF_RELATIONSHIPS_OR_PREDICATES_EXTRACTED_FROM_A_TEXT_LIKELY_RELATED_TO_AGRICULTURE_OR_GARDENING
0,HAS_TRACING_ROOTS,1,PLANTED_IN,PLANTED_IN,THIS_APPEARS_TO_BE_A_LIST_OF_RELATIONSHIPS_OR_PREDICATES_EXTRACTED_FROM_A_TEXT_LIKELY_RELATED_TO_AGRICULTURE_OR_GARDENING
0,HAS_VARIETIES,1,PLANTED_IN,PLANTED_IN,THIS_APPEARS_TO_BE_A_LIST_OF_RELATIONSHIPS_OR_PREDICATES_EXTRACTED_FROM_A_TEXT_LIKELY_RELATED_TO_AGRICULTURE_OR_GARDENING
0,HAS_WIDER_LEAVES_THAN,1,PLANTED_IN,PLANTED_IN,THIS_APPEARS_TO_BE_A_LIST_OF_RELATIONSHIPS_OR_PREDICATES_EXTRACTED_FROM_A_TEXT_LIKELY_RELATED_TO_AGRICULTURE_OR_GARDENING
0,HAS_WIDTH_AND_DEPTH,1,PLANTED_IN,PLANTED_IN,THIS_APPEARS_TO_BE_A_LIST_OF_RELATIONSHIPS_OR_PREDICATES_EXTRACTED_FROM_A_TEXT_LIKELY_RELATED_TO_AGRICULTURE_OR_GARDENING
0,HAVE_COMPONENT,1,PLANTED_IN,PLANTED_IN,THIS_APPEARS_TO_BE_A_LIST_OF_RELATIONSHIPS_OR_PREDICATES_EXTRACTED_FROM_A_TEXT_LIKELY_RELATED_TO_AGRICULTURE_OR_GARDENING
0,HAVE_EDIBLE_PARTS_IN_COMMON,1,PLANTED_IN,PLANTED_IN,THIS_APPEARS_TO_BE_A_LIST_OF_RELATIONSHIPS_OR_PREDICATES_EXTRACTED_FROM_A_TEXT_LIKELY_RELATED_TO_AGRICULTURE_OR_GARDENING
0,HAVE_SIMILAR_GROWTH_PATTERNS,1,PLANTED_IN,PLANTED_IN,THIS_APPEARS_TO_BE_A_LIST_OF_RELATIONSHIPS_OR_PREDICATES_EXTRACTED_FROM_A_TEXT_LIKELY_RELATED_TO_AGRICULTURE_OR_GARDENING
0,HAY_REMOVED_DURING_PREPARATION,1,PLANTED_IN,PLANTED_IN,THIS_APPEARS_TO_BE_A_LIST_OF_RELATIONSHIPS_OR_PREDICATES_EXTRACTED_FROM_A_TEXT_LIKELY_RELATED_TO_AGRICULTURE_OR_GARDENING
0,HEATED_UP_IN,1,PLANTED_IN,PLANTED_IN,THIS_APPEARS_TO_BE_A_LIST_OF_RELATIONSHIPS_OR_PREDICATES_EXTRACTED_FROM_A_TEXT_LIKELY_RELATED_TO_AGRICULTURE_OR_GARDENING
0,HEATS_TO_PRESERVE,1,PLANTED_IN,PLANTED_IN,THIS_APPEARS_TO_BE_A_LIST_OF_RELATIONSHIPS_OR_PREDICATES_EXTRACTED_FROM_A_TEXT_LIKELY_RELATED_TO_AGRICULTURE_OR_GARDENING
0,HELPED_BY,1,PLANTED_IN,PLANTED_IN,THIS_APPEARS_TO_BE_A_LIST_OF_RELATIONSHIPS_OR_PREDICATES_EXTRACTED_FROM_A_TEXT_LIKELY_RELATED_TO_AGRICULTURE_OR_GARDENING
0,IMPACTED_BY_ICE_ACCUMULATION,1,PLANTED_IN,PLANTED_IN,THIS_APPEARS_TO_BE_A_LIST_OF_RELATIONSHIPS_OR_PREDICATES_EXTRACTED_FROM_A_TEXT_LIKELY_RELATED_TO_AGRICULTURE_OR_GARDENING
0,IMPORTED_FROM,1,PLANTED_IN,PLANTED_IN,THIS_APPEARS_TO_BE_A_LIST_OF_RELATIONSHIPS_OR_PREDICATES_EXTRACTED_FROM_A_TEXT_LIKELY_RELATED_TO_AGRICULTURE_OR_GARDENING
0,IMPROVED_WITH,1,PLANTED_IN,PLANTED_IN,THIS_APPEARS_TO_BE_A_LIST_OF_RELATIONSHIPS_OR_PREDICATES_EXTRACTED_FROM_A_TEXT_LIKELY_RELATED_TO_AGRICULTURE_OR_GARDENING
0,IMPROVES_SOIL_FERTILITY,1,PLANTED_IN,PLANTED_IN,THIS_APPEARS_TO_BE_A_LIST_OF_RELATIONSHIPS_OR_PREDICATES_EXTRACTED_FROM_A_TEXT_LIKELY_RELATED_TO_AGRICULTURE_OR_GARDENING
0,INCLUDED_IN,1,PLANTED_IN,PLANTED_IN,THIS_APPEARS_TO_BE_A_LIST_OF_RELATIONSHIPS_OR_PREDICATES_EXTRACTED_FROM_A_TEXT_LIKELY_RELATED_TO_AGRICULTURE_OR_GARDENING
0,INCLUDES_IN_LAYERING_PROCESS,1,PLANTED_IN,PLANTED_IN,THIS_APPEARS_TO_BE_A_LIST_OF_RELATIONSHIPS_OR_PREDICATES_EXTRACTED_FROM_A_TEXT_LIKELY_RELATED_TO_AGRICULTURE_OR_GARDENING
0,INFECTED_BY,1,PLANTED_IN,PLANTED_IN,THIS_APPEARS_TO_BE_A_LIST_OF_RELATIONSHIPS_OR_PREDICATES_EXTRACTED_FROM_A_TEXT_LIKELY_RELATED_TO_AGRICULTURE_OR_GARDENING
0,INFECTED_WITH,1,PLANTED_IN,PLANTED_IN,THIS_APPEARS_TO_BE_A_LIST_OF_RELATIONSHIPS_OR_PREDICATES_EXTRACTED_FROM_A_TEXT_LIKELY_RELATED_TO_AGRICULTURE_OR_GARDENING
0,INFECTS,1,PLANTED_IN,PLANTED_IN,THIS_APPEARS_TO_BE_A_LIST_OF_RELATIONSHIPS_OR_PREDICATES_EXTRACTED_FROM_A_TEXT_LIKELY_RELATED_TO_AGRICULTURE_OR_GARDENING
0,IS_INFERIOR_TO,1,PLANTED_IN,PLANTED_IN,THIS_APPEARS_TO_BE_A_LIST_OF_RELATIONSHIPS_OR_PREDICATES_EXTRACTED_FROM_A_TEXT_LIKELY_RELATED_TO_AGRICULTURE_OR_GARDENING
0,INITIATED_RESEARCH,1,PLANTED_IN,PLANTED_IN,THIS_APPEARS_TO_BE_A_LIST_OF_RELATIONSHIPS_OR_PREDICATES_EXTRACTED_FROM_A_TEXT_LIKELY_RELATED_TO_AGRICULTURE_OR_GARDENING
0,INPUT_USED_FOR_MULCHING,1,PLANTED_IN,PLANTED_IN,THIS_APPEARS_TO_BE_A_LIST_OF_RELATIONSHIPS_OR_PREDICATES_EXTRACTED_FROM_A_TEXT_LIKELY_RELATED_TO_AGRICULTURE_OR_GARDENING
0,INTRODUCED_FRAME_INTO_MARKET_GARDENING,1,PLANTED_IN,PLANTED_IN,THIS_APPEARS_TO_BE_A_LIST_OF_RELATIONSHIPS_OR_PREDICATES_EXTRACTED_FROM_A_TEXT_LIKELY_RELATED_TO_AGRICULTURE_OR_GARDENING
0,INTRODUCED_TO,1,PLANTED_IN,PLANTED_IN,THIS_APPEARS_TO_BE_A_LIST_OF_RELATIONSHIPS_OR_PREDICATES_EXTRACTED_FROM_A_TEXT_LIKELY_RELATED_TO_AGRICULTURE_OR_GARDENING
0,INVOLVED_IN,1,PLANTED_IN,PLANTED_IN,THIS_APPEARS_TO_BE_A_LIST_OF_RELATIONSHIPS_OR_PREDICATES_EXTRACTED_FROM_A_TEXT_LIKELY_RELATED_TO_AGRICULTURE_OR_GARDENING
0,INVOLVES,1,PLANTED_IN,PLANTED_IN,THIS_APPEARS_TO_BE_A_LIST_OF_RELATIONSHIPS_OR_PREDICATES_EXTRACTED_FROM_A_TEXT_LIKELY_RELATED_TO_AGRICULTURE_OR_GARDENING
0,IRRIGATION_USED_IN_PRACTICE,1,PLANTED_IN,PLANTED_IN,THIS_APPEARS_TO_BE_A_LIST_OF_RELATIONSHIPS_OR_PREDICATES_EXTRACTED_FROM_A_TEXT_LIKELY_RELATED_TO_AGRICULTURE_OR_GARDENING
0,JUNE_ASSOCIATED_EVENT,1,PLANTED_IN,PLANTED_IN,THIS_APPEARS_TO_BE_A_LIST_OF_RELATIONSHIPS_OR_PREDICATES_EXTRACTED_FROM_A_TEXT_LIKELY_RELATED_TO_AGRICULTURE_OR_GARDENING
0,KEEPED_MOIST_AND_CLEAN_IN,1,PLANTED_IN,PLANTED_IN,THIS_APPEARS_TO_BE_A_LIST_OF_RELATIONSHIPS_OR_PREDICATES_EXTRACTED_FROM_A_TEXT_LIKELY_RELATED_TO_AGRICULTURE_OR_GARDENING
0,KEPT_WARM_BY,1,PLANTED_IN,PLANTED_IN,THIS_APPEARS_TO_BE_A_LIST_OF_RELATIONSHIPS_OR_PREDICATES_EXTRACTED_FROM_A_TEXT_LIKELY_RELATED_TO_AGRICULTURE_OR_GARDENING
0,KNOWN_AS,1,PLANTED_IN,PLANTED_IN,THIS_APPEARS_TO_BE_A_LIST_OF_RELATIONSHIPS_OR_PREDICATES_EXTRACTED_FROM_A_TEXT_LIKELY_RELATED_TO_AGRICULTURE_OR_GARDENING
0,LACKS_INHERENT_QUALITY_OF,1,PLANTED_IN,PLANTED_IN,THIS_APPEARS_TO_BE_A_LIST_OF_RELATIONSHIPS_OR_PREDICATES_EXTRACTED_FROM_A_TEXT_LIKELY_RELATED_TO_AGRICULTURE_OR_GARDENING
0,LATER_THAN,1,PLANTED_IN,PLANTED_IN,THIS_APPEARS_TO_BE_A_LIST_OF_RELATIONSHIPS_OR_PREDICATES_EXTRACTED_FROM_A_TEXT_LIKELY_RELATED_TO_AGRICULTURE_OR_GARDENING
0,LATHS_ARE_USED_WITH_PEAS,1,PLANTED_IN,PLANTED_IN,THIS_APPEARS_TO_BE_A_LIST_OF_RELATIONSHIPS_OR_PREDICATES_EXTRACTED_FROM_A_TEXT_LIKELY_RELATED_TO_AGRICULTURE_OR_GARDENING
0,LATHS_COMBINED_WITH_STRAW_AND_WICKER_TO_CONSTRUCT_WINDBREAKS,1,PLANTED_IN,PLANTED_IN,THIS_APPEARS_TO_BE_A_LIST_OF_RELATIONSHIPS_OR_PREDICATES_EXTRACTED_FROM_A_TEXT_LIKELY_RELATED_TO_AGRICULTURE_OR_GARDENING
0,LAYERED_WITHIN,1,PLANTED_IN,PLANTED_IN,THIS_APPEARS_TO_BE_A_LIST_OF_RELATIONSHIPS_OR_PREDICATES_EXTRACTED_FROM_A_TEXT_LIKELY_RELATED_TO_AGRICULTURE_OR_GARDENING
0,LEAD_PIPE_MADE_OF,1,PLANTED_IN,PLANTED_IN,THIS_APPEARS_TO_BE_A_LIST_OF_RELATIONSHIPS_OR_PREDICATES_EXTRACTED_FROM_A_TEXT_LIKELY_RELATED_TO_AGRICULTURE_OR_GARDENING
0,LEAD_PIPE_USED_INSTEAD_OF_STONEWARE_END,1,PLANTED_IN,PLANTED_IN,THIS_APPEARS_TO_BE_A_LIST_OF_RELATIONSHIPS_OR_PREDICATES_EXTRACTED_FROM_A_TEXT_LIKELY_RELATED_TO_AGRICULTURE_OR_GARDENING
0,LEAVES_ARE_USED_FOR,1,PLANTED_IN,PLANTED_IN,THIS_APPEARS_TO_BE_A_LIST_OF_RELATIONSHIPS_OR_PREDICATES_EXTRACTED_FROM_A_TEXT_LIKELY_RELATED_TO_AGRICULTURE_OR_GARDENING
0,LEFT_ON_TEENS_UNTIL,1,PLANTED_IN,PLANTED_IN,THIS_APPEARS_TO_BE_A_LIST_OF_RELATIONSHIPS_OR_PREDICATES_EXTRACTED_FROM_A_TEXT_LIKELY_RELATED_TO_AGRICULTURE_OR_GARDENING
0,IS_LESS_ACIDIC_THAN,1,PLANTED_IN,PLANTED_IN,THIS_APPEARS_TO_BE_A_LIST_OF_RELATIONSHIPS_OR_PREDICATES_EXTRACTED_FROM_A_TEXT_LIKELY_RELATED_TO_AGRICULTURE_OR_GARDENING
0,LESS_COMMON_THAN,1,PLANTED_IN,PLANTED_IN,THIS_APPEARS_TO_BE_A_LIST_OF_RELATIONSHIPS_OR_PREDICATES_EXTRACTED_FROM_A_TEXT_LIKELY_RELATED_TO_AGRICULTURE_OR_GARDENING
0,LESS_SENSITIVE_THAN,1,PLANTED_IN,PLANTED_IN,THIS_APPEARS_TO_BE_A_LIST_OF_RELATIONSHIPS_OR_PREDICATES_EXTRACTED_FROM_A_TEXT_LIKELY_RELATED_TO_AGRICULTURE_OR_GARDENING
0,LETTUCE_NEVER_REPLACED,1,PLANTED_IN,PLANTED_IN,THIS_APPEARS_TO_BE_A_LIST_OF_RELATIONSHIPS_OR_PREDICATES_EXTRACTED_FROM_A_TEXT_LIKELY_RELATED_TO_AGRICULTURE_OR_GARDENING
0,LETTUCE_VARIETY_IS_RELATED_TO,1,PLANTED_IN,PLANTED_IN,THIS_APPEARS_TO_BE_A_LIST_OF_RELATIONSHIPS_OR_PREDICATES_EXTRACTED_FROM_A_TEXT_LIKELY_RELATED_TO_AGRICULTURE_OR_GARDENING
0,LIFTED,1,PLANTED_IN,PLANTED_IN,THIS_APPEARS_TO_BE_A_LIST_OF_RELATIONSHIPS_OR_PREDICATES_EXTRACTED_FROM_A_TEXT_LIKELY_RELATED_TO_AGRICULTURE_OR_GARDENING
0,ARE_LIGHTLY_TILLED,1,PLANTED_IN,PLANTED_IN,THIS_APPEARS_TO_BE_A_LIST_OF_RELATIONSHIPS_OR_PREDICATES_EXTRACTED_FROM_A_TEXT_LIKELY_RELATED_TO_AGRICULTURE_OR_GARDENING
0,IS_LIMITED_IN_USE_BY,1,PLANTED_IN,PLANTED_IN,THIS_APPEARS_TO_BE_A_LIST_OF_RELATIONSHIPS_OR_PREDICATES_EXTRACTED_FROM_A_TEXT_LIKELY_RELATED_TO_AGRICULTURE_OR_GARDENING
0,LOCATED_AT,1,PLANTED_IN,PLANTED_IN,THIS_APPEARS_TO_BE_A_LIST_OF_RELATIONSHIPS_OR_PREDICATES_EXTRACTED_FROM_A_TEXT_LIKELY_RELATED_TO_AGRICULTURE_OR_GARDENING
0,LOCATED_IN_EQUIPMENT,1,PLANTED_IN,PLANTED_IN,THIS_APPEARS_TO_BE_A_LIST_OF_RELATIONSHIPS_OR_PREDICATES_EXTRACTED_FROM_A_TEXT_LIKELY_RELATED_TO_AGRICULTURE_OR_GARDENING
0,LOCATED_IN_FIELD_TYPE,1,PLANTED_IN,PLANTED_IN,THIS_APPEARS_TO_BE_A_LIST_OF_RELATIONSHIPS_OR_PREDICATES_EXTRACTED_FROM_A_TEXT_LIKELY_RELATED_TO_AGRICULTURE_OR_GARDENING
0,LOCATED_IN_REGIONAL_GEOGRAPHY,1,PLANTED_IN,PLANTED_IN,THIS_APPEARS_TO_BE_A_LIST_OF_RELATIONSHIPS_OR_PREDICATES_EXTRACTED_FROM_A_TEXT_LIKELY_RELATED_TO_AGRICULTURE_OR_GARDENING
0,LOCATED_NEARBY,1,PLANTED_IN,PLANTED_IN,THIS_APPEARS_TO_BE_A_LIST_OF_RELATIONSHIPS_OR_PREDICATES_EXTRACTED_FROM_A_TEXT_LIKELY_RELATED_TO_AGRICULTURE_OR_GARDENING
0,LOCATED_ON_BANKS_OF,1,PLANTED_IN,PLANTED_IN,THIS_APPEARS_TO_BE_A_LIST_OF_RELATIONSHIPS_OR_PREDICATES_EXTRACTED_FROM_A_TEXT_LIKELY_RELATED_TO_AGRICULTURE_OR_GARDENING
0,LOCATION,1,PLANTED_IN,PLANTED_IN,THIS_APPEARS_TO_BE_A_LIST_OF_RELATIONSHIPS_OR_PREDICATES_EXTRACTED_FROM_A_TEXT_LIKELY_RELATED_TO_AGRICULTURE_OR_GARDENING
0,LOCATION_ASSOCIATION,1,PLANTED_IN,PLANTED_IN,THIS_APPEARS_TO_BE_A_LIST_OF_RELATIONSHIPS_OR_PREDICATES_EXTRACTED_FROM_A_TEXT_LIKELY_RELATED_TO_AGRICULTURE_OR_GARDENING
0,LOCATION_LIMITATIONS_CAUSE_COMPETITION_DIFFICULTIES,1,PLANTED_IN,PLANTED_IN,THIS_APPEARS_TO_BE_A_LIST_OF_RELATIONSHIPS_OR_PREDICATES_EXTRACTED_FROM_A_TEXT_LIKELY_RELATED_TO_AGRICULTURE_OR_GARDENING
0,LONG_BEFORE_RIPENING_ON_VINE,1,PLANTED_IN,PLANTED_IN,THIS_APPEARS_TO_BE_A_LIST_OF_RELATIONSHIPS_OR_PREDICATES_EXTRACTED_FROM_A_TEXT_LIKELY_RELATED_TO_AGRICULTURE_OR_GARDENING
0,LOWERED_BY_ON_SOUTH_SIDE,1,PLANTED_IN,PLANTED_IN,THIS_APPEARS_TO_BE_A_LIST_OF_RELATIONSHIPS_OR_PREDICATES_EXTRACTED_FROM_A_TEXT_LIKELY_RELATED_TO_AGRICULTURE_OR_GARDENING
0,CAN_BE_MADE_FIRMER_BY,1,PLANTED_IN,PLANTED_IN,THIS_APPEARS_TO_BE_A_LIST_OF_RELATIONSHIPS_OR_PREDICATES_EXTRACTED_FROM_A_TEXT_LIKELY_RELATED_TO_AGRICULTURE_OR_GARDENING
0,MADE_FROM_CAST_IRON_ALTERNATIVELY,1,PLANTED_IN,PLANTED_IN,THIS_APPEARS_TO_BE_A_LIST_OF_RELATIONSHIPS_OR_PREDICATES_EXTRACTED_FROM_A_TEXT_LIKELY_RELATED_TO_AGRICULTURE_OR_GARDENING
0,MADE_FROM_SANDSTONE_ALTERNATIVELY,1,PLANTED_IN,PLANTED_IN,THIS_APPEARS_TO_BE_A_LIST_OF_RELATIONSHIPS_OR_PREDICATES_EXTRACTED_FROM_A_TEXT_LIKELY_RELATED_TO_AGRICULTURE_OR_GARDENING
0,MADE_OF_STONEWARE_ALTERNATIVELY,1,PLANTED_IN,PLANTED_IN,THIS_APPEARS_TO_BE_A_LIST_OF_RELATIONSHIPS_OR_PREDICATES_EXTRACTED_FROM_A_TEXT_LIKELY_RELATED_TO_AGRICULTURE_OR_GARDENING
0,MANAGED_BY,1,PLANTED_IN,PLANTED_IN,THIS_APPEARS_TO_BE_A_LIST_OF_RELATIONSHIPS_OR_PREDICATES_EXTRACTED_FROM_A_TEXT_LIKELY_RELATED_TO_AGRICULTURE_OR_GARDENING
0,MANNEIVAUX_CONTAIN,1,PLANTED_IN,PLANTED_IN,THIS_APPEARS_TO_BE_A_LIST_OF_RELATIONSHIPS_OR_PREDICATES_EXTRACTED_FROM_A_TEXT_LIKELY_RELATED_TO_AGRICULTURE_OR_GARDENING
0,MANUFACTURED_FROM,1,PLANTED_IN,PLANTED_IN,THIS_APPEARS_TO_BE_A_LIST_OF_RELATIONSHIPS_OR_PREDICATES_EXTRACTED_FROM_A_TEXT_LIKELY_RELATED_TO_AGRICULTURE_OR_GARDENING
0,MANURE_LAYERED_OVER,1,PLANTED_IN,PLANTED_IN,THIS_APPEARS_TO_BE_A_LIST_OF_RELATIONSHIPS_OR_PREDICATES_EXTRACTED_FROM_A_TEXT_LIKELY_RELATED_TO_AGRICULTURE_OR_GARDENING
0,MANURE_PREPARATION,1,PLANTED_IN,PLANTED_IN,THIS_APPEARS_TO_BE_A_LIST_OF_RELATIONSHIPS_OR_PREDICATES_EXTRACTED_FROM_A_TEXT_LIKELY_RELATED_TO_AGRICULTURE_OR_GARDENING
0,MARKED_FOR_SEED_PRODUCTION,1,PLANTED_IN,PLANTED_IN,THIS_APPEARS_TO_BE_A_LIST_OF_RELATIONSHIPS_OR_PREDICATES_EXTRACTED_FROM_A_TEXT_LIKELY_RELATED_TO_AGRICULTURE_OR_GARDENING
0,MARKET_GARDENER_WORKERS_FROM_PROVINCE,1,PLANTED_IN,PLANTED_IN,THIS_APPEARS_TO_BE_A_LIST_OF_RELATIONSHIPS_OR_PREDICATES_EXTRACTED_FROM_A_TEXT_LIKELY_RELATED_TO_AGRICULTURE_OR_GARDENING
0,MARKET_GARDENERS_REQUIRE_PROOF_OF_GOOD_CONDUCT,1,PLANTED_IN,PLANTED_IN,THIS_APPEARS_TO_BE_A_LIST_OF_RELATIONSHIPS_OR_PREDICATES_EXTRACTED_FROM_A_TEXT_LIKELY_RELATED_TO_AGRICULTURE_OR_GARDENING
0,MARKET_GARDENERS_WORKER_CLASS_IS_VERY_PEACEFUL,1,PLANTED_IN,PLANTED_IN,THIS_APPEARS_TO_BE_A_LIST_OF_RELATIONSHIPS_OR_PREDICATES_EXTRACTED_FROM_A_TEXT_LIKELY_RELATED_TO_AGRICULTURE_OR_GARDENING
0,MATURATES_IN_NOVEMBER,1,PLANTED_IN,PLANTED_IN,THIS_APPEARS_TO_BE_A_LIST_OF_RELATIONSHIPS_OR_PREDICATES_EXTRACTED_FROM_A_TEXT_LIKELY_RELATED_TO_AGRICULTURE_OR_GARDENING
0,MATURATES_ON_OR_BEFORE,1,PLANTED_IN,PLANTED_IN,THIS_APPEARS_TO_BE_A_LIST_OF_RELATIONSHIPS_OR_PREDICATES_EXTRACTED_FROM_A_TEXT_LIKELY_RELATED_TO_AGRICULTURE_OR_GARDENING
0,MATURITY_PERIOD,1,PLANTED_IN,PLANTED_IN,THIS_APPEARS_TO_BE_A_LIST_OF_RELATIONSHIPS_OR_PREDICATES_EXTRACTED_FROM_A_TEXT_LIKELY_RELATED_TO_AGRICULTURE_OR_GARDENING
0,MATURITY_PERIOD_DAYS,1,PLANTED_IN,PLANTED_IN,THIS_APPEARS_TO_BE_A_LIST_OF_RELATIONSHIPS_OR_PREDICATES_EXTRACTED_FROM_A_TEXT_LIKELY_RELATED_TO_AGRICULTURE_OR_GARDENING
0,MEASURED_BY,1,PLANTED_IN,PLANTED_IN,THIS_APPEARS_TO_BE_A_LIST_OF_RELATIONSHIPS_OR_PREDICATES_EXTRACTED_FROM_A_TEXT_LIKELY_RELATED_TO_AGRICULTURE_OR_GARDENING
0,MEASURED_BY_LENGTH,1,PLANTED_IN,PLANTED_IN,THIS_APPEARS_TO_BE_A_LIST_OF_RELATIONSHIPS_OR_PREDICATES_EXTRACTED_FROM_A_TEXT_LIKELY_RELATED_TO_AGRICULTURE_OR_GARDENING
0,MEASURED_IN_HECTARES,1,PLANTED_IN,PLANTED_IN,THIS_APPEARS_TO_BE_A_LIST_OF_RELATIONSHIPS_OR_PREDICATES_EXTRACTED_FROM_A_TEXT_LIKELY_RELATED_TO_AGRICULTURE_OR_GARDENING
0,MEASUREMENT_UNIT_OF,1,PLANTED_IN,PLANTED_IN,THIS_APPEARS_TO_BE_A_LIST_OF_RELATIONSHIPS_OR_PREDICATES_EXTRACTED_FROM_A_TEXT_LIKELY_RELATED_TO_AGRICULTURE_OR_GARDENING
0,IS_A_MEMBER_OF,1,PLANTED_IN,PLANTED_IN,THIS_APPEARS_TO_BE_A_LIST_OF_RELATIONSHIPS_OR_PREDICATES_EXTRACTED_FROM_A_TEXT_LIKELY_RELATED_TO_AGRICULTURE_OR_GARDENING
0,MENTIONED_IN_TEXT,1,PLANTED_IN,PLANTED_IN,THIS_APPEARS_TO_BE_A_LIST_OF_RELATIONSHIPS_OR_PREDICATES_EXTRACTED_FROM_A_TEXT_LIKELY_RELATED_TO_AGRICULTURE_OR_GARDENING
0,MENTIONED_TOGETHER,1,PLANTED_IN,PLANTED_IN,THIS_APPEARS_TO_BE_A_LIST_OF_RELATIONSHIPS_OR_PREDICATES_EXTRACTED_FROM_A_TEXT_LIKELY_RELATED_TO_AGRICULTURE_OR_GARDENING
0,MIXED_WITH_INPUT_MATERIAL,1,PLANTED_IN,PLANTED_IN,THIS_APPEARS_TO_BE_A_LIST_OF_RELATIONSHIPS_OR_PREDICATES_EXTRACTED_FROM_A_TEXT_LIKELY_RELATED_TO_AGRICULTURE_OR_GARDENING
0,MONITORED_USING,1,PLANTED_IN,PLANTED_IN,THIS_APPEARS_TO_BE_A_LIST_OF_RELATIONSHIPS_OR_PREDICATES_EXTRACTED_FROM_A_TEXT_LIKELY_RELATED_TO_AGRICULTURE_OR_GARDENING
0,IS_MORE_APPETIZING_THAN,1,PLANTED_IN,PLANTED_IN,THIS_APPEARS_TO_BE_A_LIST_OF_RELATIONSHIPS_OR_PREDICATES_EXTRACTED_FROM_A_TEXT_LIKELY_RELATED_TO_AGRICULTURE_OR_GARDENING
0,MORE_FRAGILE_THAN,1,PLANTED_IN,PLANTED_IN,THIS_APPEARS_TO_BE_A_LIST_OF_RELATIONSHIPS_OR_PREDICATES_EXTRACTED_FROM_A_TEXT_LIKELY_RELATED_TO_AGRICULTURE_OR_GARDENING
0,MORE_SUCCESSFUL_IN_OCTOBER_THAN_SPRING,1,PLANTED_IN,PLANTED_IN,THIS_APPEARS_TO_BE_A_LIST_OF_RELATIONSHIPS_OR_PREDICATES_EXTRACTED_FROM_A_TEXT_LIKELY_RELATED_TO_AGRICULTURE_OR_GARDENING
0,MOVED_FROM,1,PLANTED_IN,PLANTED_IN,THIS_APPEARS_TO_BE_A_LIST_OF_RELATIONSHIPS_OR_PREDICATES_EXTRACTED_FROM_A_TEXT_LIKELY_RELATED_TO_AGRICULTURE_OR_GARDENING
0,MOVES_BACK_TO_ACCOMMODATE_NEW_BUILDINGS,1,PLANTED_IN,PLANTED_IN,THIS_APPEARS_TO_BE_A_LIST_OF_RELATIONSHIPS_OR_PREDICATES_EXTRACTED_FROM_A_TEXT_LIKELY_RELATED_TO_AGRICULTURE_OR_GARDENING
0,MULCHED_UNDER,1,PLANTED_IN,PLANTED_IN,THIS_APPEARS_TO_BE_A_LIST_OF_RELATIONSHIPS_OR_PREDICATES_EXTRACTED_FROM_A_TEXT_LIKELY_RELATED_TO_AGRICULTURE_OR_GARDENING
0,IS_A_NATIVE_OF,1,PLANTED_IN,PLANTED_IN,THIS_APPEARS_TO_BE_A_LIST_OF_RELATIONSHIPS_OR_PREDICATES_EXTRACTED_FROM_A_TEXT_LIKELY_RELATED_TO_AGRICULTURE_OR_GARDENING
0,NATIVE_TO_LOCATION,1,PLANTED_IN,PLANTED_IN,THIS_APPEARS_TO_BE_A_LIST_OF_RELATIONSHIPS_OR_PREDICATES_EXTRACTED_FROM_A_TEXT_LIKELY_RELATED_TO_AGRICULTURE_OR_GARDENING
0,NATURALLY_GROWS_IN,1,PLANTED_IN,PLANTED_IN,THIS_APPEARS_TO_BE_A_LIST_OF_RELATIONSHIPS_OR_PREDICATES_EXTRACTED_FROM_A_TEXT_LIKELY_RELATED_TO_AGRICULTURE_OR_GARDENING
0,IS_NEEDED_FOR,1,PLANTED_IN,PLANTED_IN,THIS_APPEARS_TO_BE_A_LIST_OF_RELATIONSHIPS_OR_PREDICATES_EXTRACTED_FROM_A_TEXT_LIKELY_RELATED_TO_AGRICULTURE_OR_GARDENING
0,IS_NEEDED_TO_MAKE_FERTILE,1,PLANTED_IN,PLANTED_IN,THIS_APPEARS_TO_BE_A_LIST_OF_RELATIONSHIPS_OR_PREDICATES_EXTRACTED_FROM_A_TEXT_LIKELY_RELATED_TO_AGRICULTURE_OR_GARDENING
0,NEEDS_CARE_FROM,1,PLANTED_IN,PLANTED_IN,THIS_APPEARS_TO_BE_A_LIST_OF_RELATIONSHIPS_OR_PREDICATES_EXTRACTED_FROM_A_TEXT_LIKELY_RELATED_TO_AGRICULTURE_OR_GARDENING
0,NEEDS_MORE,1,PLANTED_IN,PLANTED_IN,THIS_APPEARS_TO_BE_A_LIST_OF_RELATIONSHIPS_OR_PREDICATES_EXTRACTED_FROM_A_TEXT_LIKELY_RELATED_TO_AGRICULTURE_OR_GARDENING
0,NEEDS_OPERATION,1,PLANTED_IN,PLANTED_IN,THIS_APPEARS_TO_BE_A_LIST_OF_RELATIONSHIPS_OR_PREDICATES_EXTRACTED_FROM_A_TEXT_LIKELY_RELATED_TO_AGRICULTURE_OR_GARDENING
0,NEEDS_PROTECTION,1,PLANTED_IN,PLANTED_IN,THIS_APPEARS_TO_BE_A_LIST_OF_RELATIONSHIPS_OR_PREDICATES_EXTRACTED_FROM_A_TEXT_LIKELY_RELATED_TO_AGRICULTURE_OR_GARDENING
0,NEEDS_TO_BE_PREPARED_WITH_SUBSTANCE,1,PLANTED_IN,PLANTED_IN,THIS_APPEARS_TO_BE_A_LIST_OF_RELATIONSHIPS_OR_PREDICATES_EXTRACTED_FROM_A_TEXT_LIKELY_RELATED_TO_AGRICULTURE_OR_GARDENING
0,NEEDS_TO_BE_REMOVED_FROM_CLOCHES_WHEN_SUN_APPEARS,1,PLANTED_IN,PLANTED_IN,THIS_APPEARS_TO_BE_A_LIST_OF_RELATIONSHIPS_OR_PREDICATES_EXTRACTED_FROM_A_TEXT_LIKELY_RELATED_TO_AGRICULTURE_OR_GARDENING
0,NEEDS_TO_MAKE_LAYERS_FOR,1,PLANTED_IN,PLANTED_IN,THIS_APPEARS_TO_BE_A_LIST_OF_RELATIONSHIPS_OR_PREDICATES_EXTRACTED_FROM_A_TEXT_LIKELY_RELATED_TO_AGRICULTURE_OR_GARDENING
0,NEEDS_WATERING,1,PLANTED_IN,PLANTED_IN,THIS_APPEARS_TO_BE_A_LIST_OF_RELATIONSHIPS_OR_PREDICATES_EXTRACTED_FROM_A_TEXT_LIKELY_RELATED_TO_AGRICULTURE_OR_GARDENING
0,NEEDSIRRIGATION,1,PLANTED_IN,PLANTED_IN,THIS_APPEARS_TO_BE_A_LIST_OF_RELATIONSHIPS_OR_PREDICATES_EXTRACTED_FROM_A_TEXT_LIKELY_RELATED_TO_AGRICULTURE_OR_GARDENING
0,NO_LONGER_GROWN_BY,1,PLANTED_IN,PLANTED_IN,THIS_APPEARS_TO_BE_A_LIST_OF_RELATIONSHIPS_OR_PREDICATES_EXTRACTED_FROM_A_TEXT_LIKELY_RELATED_TO_AGRICULTURE_OR_GARDENING
0,NOT COMMONLY_GROWN,1,PLANTED_IN,PLANTED_IN,THIS_APPEARS_TO_BE_A_LIST_OF_RELATIONSHIPS_OR_PREDICATES_EXTRACTED_FROM_A_TEXT_LIKELY_RELATED_TO_AGRICULTURE_OR_GARDENING
0,ARE_NOT_FOUND_IN,1,PLANTED_IN,PLANTED_IN,THIS_APPEARS_TO_BE_A_LIST_OF_RELATIONSHIPS_OR_PREDICATES_EXTRACTED_FROM_A_TEXT_LIKELY_RELATED_TO_AGRICULTURE_OR_GARDENING
0,NOT_TRANPLANTED,1,PLANTED_IN,PLANTED_IN,THIS_APPEARS_TO_BE_A_LIST_OF_RELATIONSHIPS_OR_PREDICATES_EXTRACTED_FROM_A_TEXT_LIKELY_RELATED_TO_AGRICULTURE_OR_GARDENING
0,NOT_USED_FOR,1,PLANTED_IN,PLANTED_IN,THIS_APPEARS_TO_BE_A_LIST_OF_RELATIONSHIPS_OR_PREDICATES_EXTRACTED_FROM_A_TEXT_LIKELY_RELATED_TO_AGRICULTURE_OR_GARDENING
0,OCCUPIES_FIELD_FOR,1,PLANTED_IN,PLANTED_IN,THIS_APPEARS_TO_BE_A_LIST_OF_RELATIONSHIPS_OR_PREDICATES_EXTRACTED_FROM_A_TEXT_LIKELY_RELATED_TO_AGRICULTURE_OR_GARDENING
0,OCCURS_AFTER_SPECIFIC_CONDITION,1,PLANTED_IN,PLANTED_IN,THIS_APPEARS_TO_BE_A_LIST_OF_RELATIONSHIPS_OR_PREDICATES_EXTRACTED_FROM_A_TEXT_LIKELY_RELATED_TO_AGRICULTURE_OR_GARDENING
0,OCCURS_AFTER_TEMPORAL_EVENT,1,PLANTED_IN,PLANTED_IN,THIS_APPEARS_TO_BE_A_LIST_OF_RELATIONSHIPS_OR_PREDICATES_EXTRACTED_FROM_A_TEXT_LIKELY_RELATED_TO_AGRICULTURE_OR_GARDENING
0,OLD_DRY_MANURE_IS_USED_WITH_PEAS,1,PLANTED_IN,PLANTED_IN,THIS_APPEARS_TO_BE_A_LIST_OF_RELATIONSHIPS_OR_PREDICATES_EXTRACTED_FROM_A_TEXT_LIKELY_RELATED_TO_AGRICULTURE_OR_GARDENING
0,IS_OPENED_AND_CLOSED_AS_REQUIRED,1,PLANTED_IN,PLANTED_IN,THIS_APPEARS_TO_BE_A_LIST_OF_RELATIONSHIPS_OR_PREDICATES_EXTRACTED_FROM_A_TEXT_LIKELY_RELATED_TO_AGRICULTURE_OR_GARDENING
0,OPTIMAL_TIME_FOR,1,PLANTED_IN,PLANTED_IN,THIS_APPEARS_TO_BE_A_LIST_OF_RELATIONSHIPS_OR_PREDICATES_EXTRACTED_FROM_A_TEXT_LIKELY_RELATED_TO_AGRICULTURE_OR_GARDENING
0,OPTIONALLY_ADDED,1,PLANTED_IN,PLANTED_IN,THIS_APPEARS_TO_BE_A_LIST_OF_RELATIONSHIPS_OR_PREDICATES_EXTRACTED_FROM_A_TEXT_LIKELY_RELATED_TO_AGRICULTURE_OR_GARDENING
0,ORIENTED_TOWARDS_SOUTH,1,PLANTED_IN,PLANTED_IN,THIS_APPEARS_TO_BE_A_LIST_OF_RELATIONSHIPS_OR_PREDICATES_EXTRACTED_FROM_A_TEXT_LIKELY_RELATED_TO_AGRICULTURE_OR_GARDENING
0,ORIGIN_OF_CROP,1,PLANTED_IN,PLANTED_IN,THIS_APPEARS_TO_BE_A_LIST_OF_RELATIONSHIPS_OR_PREDICATES_EXTRACTED_FROM_A_TEXT_LIKELY_RELATED_TO_AGRICULTURE_OR_GARDENING
0,ORIGINATED_FROM_LOCATION,1,PLANTED_IN,PLANTED_IN,THIS_APPEARS_TO_BE_A_LIST_OF_RELATIONSHIPS_OR_PREDICATES_EXTRACTED_FROM_A_TEXT_LIKELY_RELATED_TO_AGRICULTURE_OR_GARDENING
0,ORIGINATED_IN,1,PLANTED_IN,PLANTED_IN,THIS_APPEARS_TO_BE_A_LIST_OF_RELATIONSHIPS_OR_PREDICATES_EXTRACTED_FROM_A_TEXT_LIKELY_RELATED_TO_AGRICULTURE_OR_GARDENING
0,OVERLAPPED_WITH,1,PLANTED_IN,PLANTED_IN,THIS_APPEARS_TO_BE_A_LIST_OF_RELATIONSHIPS_OR_PREDICATES_EXTRACTED_FROM_A_TEXT_LIKELY_RELATED_TO_AGRICULTURE_OR_GARDENING
0,OVERWINTERS_AT,1,PLANTED_IN,PLANTED_IN,THIS_APPEARS_TO_BE_A_LIST_OF_RELATIONSHIPS_OR_PREDICATES_EXTRACTED_FROM_A_TEXT_LIKELY_RELATED_TO_AGRICULTURE_OR_GARDENING
0,OVERWINTERS_IN,1,PLANTED_IN,PLANTED_IN,THIS_APPEARS_TO_BE_A_LIST_OF_RELATIONSHIPS_OR_PREDICATES_EXTRACTED_FROM_A_TEXT_LIKELY_RELATED_TO_AGRICULTURE_OR_GARDENING
0,OWNS,1,PLANTED_IN,PLANTED_IN,THIS_APPEARS_TO_BE_A_LIST_OF_RELATIONSHIPS_OR_PREDICATES_EXTRACTED_FROM_A_TEXT_LIKELY_RELATED_TO_AGRICULTURE_OR_GARDENING
0,PART_OF_FERTILIZATION_COSTS,1,PLANTED_IN,PLANTED_IN,THIS_APPEARS_TO_BE_A_LIST_OF_RELATIONSHIPS_OR_PREDICATES_EXTRACTED_FROM_A_TEXT_LIKELY_RELATED_TO_AGRICULTURE_OR_GARDENING
0,IS_PART_OF_PRACTICE,1,PLANTED_IN,PLANTED_IN,THIS_APPEARS_TO_BE_A_LIST_OF_RELATIONSHIPS_OR_PREDICATES_EXTRACTED_FROM_A_TEXT_LIKELY_RELATED_TO_AGRICULTURE_OR_GARDENING
0,PEAS_ARE_TO_BE_TOPPED_AT,1,PLANTED_IN,PLANTED_IN,THIS_APPEARS_TO_BE_A_LIST_OF_RELATIONSHIPS_OR_PREDICATES_EXTRACTED_FROM_A_TEXT_LIKELY_RELATED_TO_AGRICULTURE_OR_GARDENING
0,PEOPLE_RELATIONSHIP_ENCOURAGE_ECONOMY,1,PLANTED_IN,PLANTED_IN,THIS_APPEARS_TO_BE_A_LIST_OF_RELATIONSHIPS_OR_PREDICATES_EXTRACTED_FROM_A_TEXT_LIKELY_RELATED_TO_AGRICULTURE_OR_GARDENING
0,PEOPLE_RELATIONSHIP_WORK_ALLOCATION,1,PLANTED_IN,PLANTED_IN,THIS_APPEARS_TO_BE_A_LIST_OF_RELATIONSHIPS_OR_PREDICATES_EXTRACTED_FROM_A_TEXT_LIKELY_RELATED_TO_AGRICULTURE_OR_GARDENING
0,PERSIL_IS_SUBTYPE_OF,1,PLANTED_IN,PLANTED_IN,THIS_APPEARS_TO_BE_A_LIST_OF_RELATIONSHIPS_OR_PREDICATES_EXTRACTED_FROM_A_TEXT_LIKELY_RELATED_TO_AGRICULTURE_OR_GARDENING
0,PEST_FEAR_HEAT,1,PLANTED_IN,PLANTED_IN,THIS_APPEARS_TO_BE_A_LIST_OF_RELATIONSHIPS_OR_PREDICATES_EXTRACTED_FROM_A_TEXT_LIKELY_RELATED_TO_AGRICULTURE_OR_GARDENING
0,PEST_RESISTANT_TO,1,PLANTED_IN,PLANTED_IN,THIS_APPEARS_TO_BE_A_LIST_OF_RELATIONSHIPS_OR_PREDICATES_EXTRACTED_FROM_A_TEXT_LIKELY_RELATED_TO_AGRICULTURE_OR_GARDENING
0,PEST_TREATED_WITH,1,PLANTED_IN,PLANTED_IN,THIS_APPEARS_TO_BE_A_LIST_OF_RELATIONSHIPS_OR_PREDICATES_EXTRACTED_FROM_A_TEXT_LIKELY_RELATED_TO_AGRICULTURE_OR_GARDENING
0,CAN_BE_PESTED_BY,1,PLANTED_IN,PLANTED_IN,THIS_APPEARS_TO_BE_A_LIST_OF_RELATIONSHIPS_OR_PREDICATES_EXTRACTED_FROM_A_TEXT_LIKELY_RELATED_TO_AGRICULTURE_OR_GARDENING
0,PICKED_AT_SEASON_START,1,PLANTED_IN,PLANTED_IN,THIS_APPEARS_TO_BE_A_LIST_OF_RELATIONSHIPS_OR_PREDICATES_EXTRACTED_FROM_A_TEXT_LIKELY_RELATED_TO_AGRICULTURE_OR_GARDENING
0,PICKED_AT_SIZE,1,PLANTED_IN,PLANTED_IN,THIS_APPEARS_TO_BE_A_LIST_OF_RELATIONSHIPS_OR_PREDICATES_EXTRACTED_FROM_A_TEXT_LIKELY_RELATED_TO_AGRICULTURE_OR_GARDENING
0,PICKED_BEFORE_RIPENING_ON_VINE,1,PLANTED_IN,PLANTED_IN,THIS_APPEARS_TO_BE_A_LIST_OF_RELATIONSHIPS_OR_PREDICATES_EXTRACTED_FROM_A_TEXT_LIKELY_RELATED_TO_AGRICULTURE_OR_GARDENING
0,IS_PICKED_FROM,1,PLANTED_IN,PLANTED_IN,THIS_APPEARS_TO_BE_A_LIST_OF_RELATIONSHIPS_OR_PREDICATES_EXTRACTED_FROM_A_TEXT_LIKELY_RELATED_TO_AGRICULTURE_OR_GARDENING
0,PINK_RADISH_GROWN_IN_LOCATIONS,1,PLANTED_IN,PLANTED_IN,THIS_APPEARS_TO_BE_A_LIST_OF_RELATIONSHIPS_OR_PREDICATES_EXTRACTED_FROM_A_TEXT_LIKELY_RELATED_TO_AGRICULTURE_OR_GARDENING
0,PINK_RADISH_PRODUCTION_FROM,1,PLANTED_IN,PLANTED_IN,THIS_APPEARS_TO_BE_A_LIST_OF_RELATIONSHIPS_OR_PREDICATES_EXTRACTED_FROM_A_TEXT_LIKELY_RELATED_TO_AGRICULTURE_OR_GARDENING
0,PLACED_BETWEEN,1,PLANTED_IN,PLANTED_IN,THIS_APPEARS_TO_BE_A_LIST_OF_RELATIONSHIPS_OR_PREDICATES_EXTRACTED_FROM_A_TEXT_LIKELY_RELATED_TO_AGRICULTURE_OR_GARDENING
0,PLACED_IN_PLACE_OF,1,PLANTED_IN,PLANTED_IN,THIS_APPEARS_TO_BE_A_LIST_OF_RELATIONSHIPS_OR_PREDICATES_EXTRACTED_FROM_A_TEXT_LIKELY_RELATED_TO_AGRICULTURE_OR_GARDENING
0,PLACED_NEAR,1,PLANTED_IN,PLANTED_IN,THIS_APPEARS_TO_BE_A_LIST_OF_RELATIONSHIPS_OR_PREDICATES_EXTRACTED_FROM_A_TEXT_LIKELY_RELATED_TO_AGRICULTURE_OR_GARDENING
0,PLANT_GROWTH_STAGE_PRECEDES_PLANT_GROWTH_STAGE,1,PLANTED_IN,PLANTED_IN,THIS_APPEARS_TO_BE_A_LIST_OF_RELATIONSHIPS_OR_PREDICATES_EXTRACTED_FROM_A_TEXT_LIKELY_RELATED_TO_AGRICULTURE_OR_GARDENING
0,PLANT_RETRANSPORTED_TO_BOARD,1,PLANTED_IN,PLANTED_IN,THIS_APPEARS_TO_BE_A_LIST_OF_RELATIONSHIPS_OR_PREDICATES_EXTRACTED_FROM_A_TEXT_LIKELY_RELATED_TO_AGRICULTURE_OR_GARDENING
0,PLANTED_AS_BROADCAST_CROP,1,PLANTED_IN,PLANTED_IN,THIS_APPEARS_TO_BE_A_LIST_OF_RELATIONSHIPS_OR_PREDICATES_EXTRACTED_FROM_A_TEXT_LIKELY_RELATED_TO_AGRICULTURE_OR_GARDENING
0,PLANTED_AT_DIFFERENT_TIMES,1,PLANTED_IN,PLANTED_IN,THIS_APPEARS_TO_BE_A_LIST_OF_RELATIONSHIPS_OR_PREDICATES_EXTRACTED_FROM_A_TEXT_LIKELY_RELATED_TO_AGRICULTURE_OR_GARDENING
0,PLANTED_AT_DISTANCE_OF,1,PLANTED_IN,PLANTED_IN,THIS_APPEARS_TO_BE_A_LIST_OF_RELATIONSHIPS_OR_PREDICATES_EXTRACTED_FROM_A_TEXT_LIKELY_RELATED_TO_AGRICULTURE_OR_GARDENING
0,PLANTED_AT_THE_SAME_TIME_AS,1,PLANTED_IN,PLANTED_IN,THIS_APPEARS_TO_BE_A_LIST_OF_RELATIONSHIPS_OR_PREDICATES_EXTRACTED_FROM_A_TEXT_LIKELY_RELATED_TO_AGRICULTURE_OR_GARDENING
0,ARE_PLANTED_AT_SPECIFIC_GROWTH_STAGE,1,PLANTED_IN,PLANTED_IN,THIS_APPEARS_TO_BE_A_LIST_OF_RELATIONSHIPS_OR_PREDICATES_EXTRACTED_FROM_A_TEXT_LIKELY_RELATED_TO_AGRICULTURE_OR_GARDENING
0,PLANTED_IN_AUGUST,1,PLANTED_IN,PLANTED_IN,THIS_APPEARS_TO_BE_A_LIST_OF_RELATIONSHIPS_OR_PREDICATES_EXTRACTED_FROM_A_TEXT_LIKELY_RELATED_TO_AGRICULTURE_OR_GARDENING
0,PLANTED_IN_BED,1,PLANTED_IN,PLANTED_IN,THIS_APPEARS_TO_BE_A_LIST_OF_RELATIONSHIPS_OR_PREDICATES_EXTRACTED_FROM_A_TEXT_LIKELY_RELATED_TO_AGRICULTURE_OR_GARDENING
0,PLANTED_IN_BED_WITH_SPACING,1,PLANTED_IN,PLANTED_IN,THIS_APPEARS_TO_BE_A_LIST_OF_RELATIONSHIPS_OR_PREDICATES_EXTRACTED_FROM_A_TEXT_LIKELY_RELATED_TO_AGRICULTURE_OR_GARDENING
0,PLANTED_IN_BEDS,1,PLANTED_IN,PLANTED_IN,THIS_APPEARS_TO_BE_A_LIST_OF_RELATIONSHIPS_OR_PREDICATES_EXTRACTED_FROM_A_TEXT_LIKELY_RELATED_TO_AGRICULTURE_OR_GARDENING
0,PLANTED_IN_BORDER,1,PLANTED_IN,PLANTED_IN,THIS_APPEARS_TO_BE_A_LIST_OF_RELATIONSHIPS_OR_PREDICATES_EXTRACTED_FROM_A_TEXT_LIKELY_RELATED_TO_AGRICULTURE_OR_GARDENING
0,PLANTED_IN_COMPOST,1,PLANTED_IN,PLANTED_IN,THIS_APPEARS_TO_BE_A_LIST_OF_RELATIONSHIPS_OR_PREDICATES_EXTRACTED_FROM_A_TEXT_LIKELY_RELATED_TO_AGRICULTURE_OR_GARDENING
0,PLANTED_IN_CONVEX_LAYER_OF,1,PLANTED_IN,PLANTED_IN,THIS_APPEARS_TO_BE_A_LIST_OF_RELATIONSHIPS_OR_PREDICATES_EXTRACTED_FROM_A_TEXT_LIKELY_RELATED_TO_AGRICULTURE_OR_GARDENING
0,PLANTED_IN_DECEMBER,1,PLANTED_IN,PLANTED_IN,THIS_APPEARS_TO_BE_A_LIST_OF_RELATIONSHIPS_OR_PREDICATES_EXTRACTED_FROM_A_TEXT_LIKELY_RELATED_TO_AGRICULTURE_OR_GARDENING
0,PLANTED_IN_DEPTH,1,PLANTED_IN,PLANTED_IN,THIS_APPEARS_TO_BE_A_LIST_OF_RELATIONSHIPS_OR_PREDICATES_EXTRACTED_FROM_A_TEXT_LIKELY_RELATED_TO_AGRICULTURE_OR_GARDENING
0,PLANTED_IN_FIRST_FORTNIGHT_OF_MONTH,1,PLANTED_IN,PLANTED_IN,THIS_APPEARS_TO_BE_A_LIST_OF_RELATIONSHIPS_OR_PREDICATES_EXTRACTED_FROM_A_TEXT_LIKELY_RELATED_TO_AGRICULTURE_OR_GARDENING
0,PLANTED_IN_FURROWS,1,PLANTED_IN,PLANTED_IN,THIS_APPEARS_TO_BE_A_LIST_OF_RELATIONSHIPS_OR_PREDICATES_EXTRACTED_FROM_A_TEXT_LIKELY_RELATED_TO_AGRICULTURE_OR_GARDENING
0,PLANTED_IN_GREENHOUSE,1,PLANTED_IN,PLANTED_IN,THIS_APPEARS_TO_BE_A_LIST_OF_RELATIONSHIPS_OR_PREDICATES_EXTRACTED_FROM_A_TEXT_LIKELY_RELATED_TO_AGRICULTURE_OR_GARDENING
0,PLANTED_IN_GROUND_AFTER_DATE,1,PLANTED_IN,PLANTED_IN,THIS_APPEARS_TO_BE_A_LIST_OF_RELATIONSHIPS_OR_PREDICATES_EXTRACTED_FROM_A_TEXT_LIKELY_RELATED_TO_AGRICULTURE_OR_GARDENING
0,PLANTED_IN_LAYER,1,PLANTED_IN,PLANTED_IN,THIS_APPEARS_TO_BE_A_LIST_OF_RELATIONSHIPS_OR_PREDICATES_EXTRACTED_FROM_A_TEXT_LIKELY_RELATED_TO_AGRICULTURE_OR_GARDENING
0,PLANTED_IN_MID_MARCH,1,PLANTED_IN,PLANTED_IN,THIS_APPEARS_TO_BE_A_LIST_OF_RELATIONSHIPS_OR_PREDICATES_EXTRACTED_FROM_A_TEXT_LIKELY_RELATED_TO_AGRICULTURE_OR_GARDENING
0,PLANTED_IN_MONTHS,1,PLANTED_IN,PLANTED_IN,THIS_APPEARS_TO_BE_A_LIST_OF_RELATIONSHIPS_OR_PREDICATES_EXTRACTED_FROM_A_TEXT_LIKELY_RELATED_TO_AGRICULTURE_OR_GARDENING
0,PLANTED_IN_PATTERN,1,PLANTED_IN,PLANTED_IN,THIS_APPEARS_TO_BE_A_LIST_OF_RELATIONSHIPS_OR_PREDICATES_EXTRACTED_FROM_A_TEXT_LIKELY_RELATED_TO_AGRICULTURE_OR_GARDENING
0,PLANTED_IN_PERIOD,1,PLANTED_IN,PLANTED_IN,THIS_APPEARS_TO_BE_A_LIST_OF_RELATIONSHIPS_OR_PREDICATES_EXTRACTED_FROM_A_TEXT_LIKELY_RELATED_TO_AGRICULTURE_OR_GARDENING
0,PLANTED_IN_POTS,1,PLANTED_IN,PLANTED_IN,THIS_APPEARS_TO_BE_A_LIST_OF_RELATIONSHIPS_OR_PREDICATES_EXTRACTED_FROM_A_TEXT_LIKELY_RELATED_TO_AGRICULTURE_OR_GARDENING
0,PLANTED_IN_SEQUENCE,1,PLANTED_IN,PLANTED_IN,THIS_APPEARS_TO_BE_A_LIST_OF_RELATIONSHIPS_OR_PREDICATES_EXTRACTED_FROM_A_TEXT_LIKELY_RELATED_TO_AGRICULTURE_OR_GARDENING
0,PLANTED_IN_SEQUENCE_WITH,1,PLANTED_IN,PLANTED_IN,THIS_APPEARS_TO_BE_A_LIST_OF_RELATIONSHIPS_OR_PREDICATES_EXTRACTED_FROM_A_TEXT_LIKELY_RELATED_TO_AGRICULTURE_OR_GARDENING
0,PLANTED_IN_SHADE,1,PLANTED_IN,PLANTED_IN,THIS_APPEARS_TO_BE_A_LIST_OF_RELATIONSHIPS_OR_PREDICATES_EXTRACTED_FROM_A_TEXT_LIKELY_RELATED_TO_AGRICULTURE_OR_GARDENING
0,PLANTED_IN_SOIL_TYPE,1,PLANTED_IN,PLANTED_IN,THIS_APPEARS_TO_BE_A_LIST_OF_RELATIONSHIPS_OR_PREDICATES_EXTRACTED_FROM_A_TEXT_LIKELY_RELATED_TO_AGRICULTURE_OR_GARDENING
0,PLANTED_IN_SPECIFIC_ENVIRONMENTAL_CONDITIONS,1,PLANTED_IN,PLANTED_IN,THIS_APPEARS_TO_BE_A_LIST_OF_RELATIONSHIPS_OR_PREDICATES_EXTRACTED_FROM_A_TEXT_LIKELY_RELATED_TO_AGRICULTURE_OR_GARDENING
0,PLANTED_IN_SPECIFIC_LOCATION,1,PLANTED_IN,PLANTED_IN,THIS_APPEARS_TO_BE_A_LIST_OF_RELATIONSHIPS_OR_PREDICATES_EXTRACTED_FROM_A_TEXT_LIKELY_RELATED_TO_AGRICULTURE_OR_GARDENING
0,PLANTED_IN_SPECIFIC_TIMEFRAME,1,PLANTED_IN,PLANTED_IN,THIS_APPEARS_TO_BE_A_LIST_OF_RELATIONSHIPS_OR_PREDICATES_EXTRACTED_FROM_A_TEXT_LIKELY_RELATED_TO_AGRICULTURE_OR_GARDENING
0,PLANTED_IN_STAGES,1,PLANTED_IN,PLANTED_IN,THIS_APPEARS_TO_BE_A_LIST_OF_RELATIONSHIPS_OR_PREDICATES_EXTRACTED_FROM_A_TEXT_LIKELY_RELATED_TO_AGRICULTURE_OR_GARDENING
0,PLANTED_INDETERMINATELY,1,PLANTED_IN,PLANTED_IN,THIS_APPEARS_TO_BE_A_LIST_OF_RELATIONSHIPS_OR_PREDICATES_EXTRACTED_FROM_A_TEXT_LIKELY_RELATED_TO_AGRICULTURE_OR_GARDENING
0,PLANTED_NEAR,1,PLANTED_IN,PLANTED_IN,THIS_APPEARS_TO_BE_A_LIST_OF_RELATIONSHIPS_OR_PREDICATES_EXTRACTED_FROM_A_TEXT_LIKELY_RELATED_TO_AGRICULTURE_OR_GARDENING
0,PLANTED_ON_BOARDS,1,PLANTED_IN,PLANTED_IN,THIS_APPEARS_TO_BE_A_LIST_OF_RELATIONSHIPS_OR_PREDICATES_EXTRACTED_FROM_A_TEXT_LIKELY_RELATED_TO_AGRICULTURE_OR_GARDENING
0,PLANTED_ON_DATE,1,PLANTED_IN,PLANTED_IN,THIS_APPEARS_TO_BE_A_LIST_OF_RELATIONSHIPS_OR_PREDICATES_EXTRACTED_FROM_A_TEXT_LIKELY_RELATED_TO_AGRICULTURE_OR_GARDENING
0,PLANTED_ON_SOIL_TYPE,1,PLANTED_IN,PLANTED_IN,THIS_APPEARS_TO_BE_A_LIST_OF_RELATIONSHIPS_OR_PREDICATES_EXTRACTED_FROM_A_TEXT_LIKELY_RELATED_TO_AGRICULTURE_OR_GARDENING
0,PLANTED_WITH_PRECAUTION,1,PLANTED_IN,PLANTED_IN,THIS_APPEARS_TO_BE_A_LIST_OF_RELATIONSHIPS_OR_PREDICATES_EXTRACTED_FROM_A_TEXT_LIKELY_RELATED_TO_AGRICULTURE_OR_GARDENING
0,PLANTED_WITHIN_DISTANCE_OF,1,PLANTED_IN,PLANTED_IN,THIS_APPEARS_TO_BE_A_LIST_OF_RELATIONSHIPS_OR_PREDICATES_EXTRACTED_FROM_A_TEXT_LIKELY_RELATED_TO_AGRICULTURE_OR_GARDENING
0,PLANTING_DATE,1,PLANTED_IN,PLANTED_IN,THIS_APPEARS_TO_BE_A_LIST_OF_RELATIONSHIPS_OR_PREDICATES_EXTRACTED_FROM_A_TEXT_LIKELY_RELATED_TO_AGRICULTURE_OR_GARDENING
0,PLANTING_TIME,1,PLANTED_IN,PLANTED_IN,THIS_APPEARS_TO_BE_A_LIST_OF_RELATIONSHIPS_OR_PREDICATES_EXTRACTED_FROM_A_TEXT_LIKELY_RELATED_TO_AGRICULTURE_OR_GARDENING
0,PLANTING_TIME_OF_YEAR,1,PLANTED_IN,PLANTED_IN,THIS_APPEARS_TO_BE_A_LIST_OF_RELATIONSHIPS_OR_PREDICATES_EXTRACTED_FROM_A_TEXT_LIKELY_RELATED_TO_AGRICULTURE_OR_GARDENING
0,PLANTS_AT_LEAST_Apart,1,PLANTED_IN,PLANTED_IN,THIS_APPEARS_TO_BE_A_LIST_OF_RELATIONSHIPS_OR_PREDICATES_EXTRACTED_FROM_A_TEXT_LIKELY_RELATED_TO_AGRICULTURE_OR_GARDENING
0,PLANTS_IN,1,PLANTED_IN,PLANTED_IN,THIS_APPEARS_TO_BE_A_LIST_OF_RELATIONSHIPS_OR_PREDICATES_EXTRACTED_FROM_A_TEXT_LIKELY_RELATED_TO_AGRICULTURE_OR_GARDENING
0,PLANTS_IN_LAYERED_FORMAT,1,PLANTED_IN,PLANTED_IN,THIS_APPEARS_TO_BE_A_LIST_OF_RELATIONSHIPS_OR_PREDICATES_EXTRACTED_FROM_A_TEXT_LIKELY_RELATED_TO_AGRICULTURE_OR_GARDENING
0,PLOUGHED_WITH,1,PLANTED_IN,PLANTED_IN,THIS_APPEARS_TO_BE_A_LIST_OF_RELATIONSHIPS_OR_PREDICATES_EXTRACTED_FROM_A_TEXT_LIKELY_RELATED_TO_AGRICULTURE_OR_GARDENING
0,POSITIONED_NEARBY,1,PLANTED_IN,PLANTED_IN,THIS_APPEARS_TO_BE_A_LIST_OF_RELATIONSHIPS_OR_PREDICATES_EXTRACTED_FROM_A_TEXT_LIKELY_RELATED_TO_AGRICULTURE_OR_GARDENING
0,POTENTIALLY_DAMAGED_BY,1,PLANTED_IN,PLANTED_IN,THIS_APPEARS_TO_BE_A_LIST_OF_RELATIONSHIPS_OR_PREDICATES_EXTRACTED_FROM_A_TEXT_LIKELY_RELATED_TO_AGRICULTURE_OR_GARDENING
0,POTTING_SOIL_COVERS,1,PLANTED_IN,PLANTED_IN,THIS_APPEARS_TO_BE_A_LIST_OF_RELATIONSHIPS_OR_PREDICATES_EXTRACTED_FROM_A_TEXT_LIKELY_RELATED_TO_AGRICULTURE_OR_GARDENING
0,PRACTICE_INVOLVES_TOOLS,1,PLANTED_IN,PLANTED_IN,THIS_APPEARS_TO_BE_A_LIST_OF_RELATIONSHIPS_OR_PREDICATES_EXTRACTED_FROM_A_TEXT_LIKELY_RELATED_TO_AGRICULTURE_OR_GARDENING
0,PRACTICE_PERFORMED_ON,1,PLANTED_IN,PLANTED_IN,THIS_APPEARS_TO_BE_A_LIST_OF_RELATIONSHIPS_OR_PREDICATES_EXTRACTED_FROM_A_TEXT_LIKELY_RELATED_TO_AGRICULTURE_OR_GARDENING
0,PRACTICE_RELATED_TO,1,PLANTED_IN,PLANTED_IN,THIS_APPEARS_TO_BE_A_LIST_OF_RELATIONSHIPS_OR_PREDICATES_EXTRACTED_FROM_A_TEXT_LIKELY_RELATED_TO_AGRICULTURE_OR_GARDENING
0,IS_PRACTICED_BY,1,PLANTED_IN,PLANTED_IN,THIS_APPEARS_TO_BE_A_LIST_OF_RELATIONSHIPS_OR_PREDICATES_EXTRACTED_FROM_A_TEXT_LIKELY_RELATED_TO_AGRICULTURE_OR_GARDENING
0,PRACTICED_SINCE,1,PLANTED_IN,PLANTED_IN,THIS_APPEARS_TO_BE_A_LIST_OF_RELATIONSHIPS_OR_PREDICATES_EXTRACTED_FROM_A_TEXT_LIKELY_RELATED_TO_AGRICULTURE_OR_GARDENING
0,PRECEDED_BY_GROWTH_STAGE,1,PLANTED_IN,PLANTED_IN,THIS_APPEARS_TO_BE_A_LIST_OF_RELATIONSHIPS_OR_PREDICATES_EXTRACTED_FROM_A_TEXT_LIKELY_RELATED_TO_AGRICULTURE_OR_GARDENING
0,PRECEDES,1,PLANTED_IN,PLANTED_IN,THIS_APPEARS_TO_BE_A_LIST_OF_RELATIONSHIPS_OR_PREDICATES_EXTRACTED_FROM_A_TEXT_LIKELY_RELATED_TO_AGRICULTURE_OR_GARDENING
0,PRECEDES_IN_SEASON,1,PLANTED_IN,PLANTED_IN,THIS_APPEARS_TO_BE_A_LIST_OF_RELATIONSHIPS_OR_PREDICATES_EXTRACTED_FROM_A_TEXT_LIKELY_RELATED_TO_AGRICULTURE_OR_GARDENING
0,PREDOMINANT_TYPE_OF_LETTUCE_IN_REGION,1,PLANTED_IN,PLANTED_IN,THIS_APPEARS_TO_BE_A_LIST_OF_RELATIONSHIPS_OR_PREDICATES_EXTRACTED_FROM_A_TEXT_LIKELY_RELATED_TO_AGRICULTURE_OR_GARDENING
0,PREFERED_GROWTH_STAGE,1,PLANTED_IN,PLANTED_IN,THIS_APPEARS_TO_BE_A_LIST_OF_RELATIONSHIPS_OR_PREDICATES_EXTRACTED_FROM_A_TEXT_LIKELY_RELATED_TO_AGRICULTURE_OR_GARDENING
0,PREFERED_PLANTING_CONDITION,1,PLANTED_IN,PLANTED_IN,THIS_APPEARS_TO_BE_A_LIST_OF_RELATIONSHIPS_OR_PREDICATES_EXTRACTED_FROM_A_TEXT_LIKELY_RELATED_TO_AGRICULTURE_OR_GARDENING
0,PREFERED_SOIL_CONDITION,1,PLANTED_IN,PLANTED_IN,THIS_APPEARS_TO_BE_A_LIST_OF_RELATIONSHIPS_OR_PREDICATES_EXTRACTED_FROM_A_TEXT_LIKELY_RELATED_TO_AGRICULTURE_OR_GARDENING
0,PREFERRED_CROP_LOCATION,1,PLANTED_IN,PLANTED_IN,THIS_APPEARS_TO_BE_A_LIST_OF_RELATIONSHIPS_OR_PREDICATES_EXTRACTED_FROM_A_TEXT_LIKELY_RELATED_TO_AGRICULTURE_OR_GARDENING
0,PREFERRED_FOR_GROWTH,1,PLANTED_IN,PLANTED_IN,THIS_APPEARS_TO_BE_A_LIST_OF_RELATIONSHIPS_OR_PREDICATES_EXTRACTED_FROM_A_TEXT_LIKELY_RELATED_TO_AGRICULTURE_OR_GARDENING
0,IS_PREFERRED_IN,1,PLANTED_IN,PLANTED_IN,THIS_APPEARS_TO_BE_A_LIST_OF_RELATIONSHIPS_OR_PREDICATES_EXTRACTED_FROM_A_TEXT_LIKELY_RELATED_TO_AGRICULTURE_OR_GARDENING
0,PREFERRED_SEASON,1,PLANTED_IN,PLANTED_IN,THIS_APPEARS_TO_BE_A_LIST_OF_RELATIONSHIPS_OR_PREDICATES_EXTRACTED_FROM_A_TEXT_LIKELY_RELATED_TO_AGRICULTURE_OR_GARDENING
0,PREFERRED_SOIL_CONDITION,1,PLANTED_IN,PLANTED_IN,THIS_APPEARS_TO_BE_A_LIST_OF_RELATIONSHIPS_OR_PREDICATES_EXTRACTED_FROM_A_TEXT_LIKELY_RELATED_TO_AGRICULTURE_OR_GARDENING
0,PREFERRED_TEMPERATURE,1,PLANTED_IN,PLANTED_IN,THIS_APPEARS_TO_BE_A_LIST_OF_RELATIONSHIPS_OR_PREDICATES_EXTRACTED_FROM_A_TEXT_LIKELY_RELATED_TO_AGRICULTURE_OR_GARDENING
0,PREFFERED_FOR,1,PLANTED_IN,PLANTED_IN,THIS_APPEARS_TO_BE_A_LIST_OF_RELATIONSHIPS_OR_PREDICATES_EXTRACTED_FROM_A_TEXT_LIKELY_RELATED_TO_AGRICULTURE_OR_GARDENING
0,PREPARATION_OF,1,PLANTED_IN,PLANTED_IN,THIS_APPEARS_TO_BE_A_LIST_OF_RELATIONSHIPS_OR_PREDICATES_EXTRACTED_FROM_A_TEXT_LIKELY_RELATED_TO_AGRICULTURE_OR_GARDENING
0,PREPARATION_METHOD,1,PLANTED_IN,PLANTED_IN,THIS_APPEARS_TO_BE_A_LIST_OF_RELATIONSHIPS_OR_PREDICATES_EXTRACTED_FROM_A_TEXT_LIKELY_RELATED_TO_AGRICULTURE_OR_GARDENING
0,IS_PREPARED_BY,1,PLANTED_IN,PLANTED_IN,THIS_APPEARS_TO_BE_A_LIST_OF_RELATIONSHIPS_OR_PREDICATES_EXTRACTED_FROM_A_TEXT_LIKELY_RELATED_TO_AGRICULTURE_OR_GARDENING
0,PREPARED_IN,1,PLANTED_IN,PLANTED_IN,THIS_APPEARS_TO_BE_A_LIST_OF_RELATIONSHIPS_OR_PREDICATES_EXTRACTED_FROM_A_TEXT_LIKELY_RELATED_TO_AGRICULTURE_OR_GARDENING
0,PREPARED_IN_CONDITIONS_OF,1,PLANTED_IN,PLANTED_IN,THIS_APPEARS_TO_BE_A_LIST_OF_RELATIONSHIPS_OR_PREDICATES_EXTRACTED_FROM_A_TEXT_LIKELY_RELATED_TO_AGRICULTURE_OR_GARDENING
0,PREVENTS_EVAPOARATION_OF,1,PLANTED_IN,PLANTED_IN,THIS_APPEARS_TO_BE_A_LIST_OF_RELATIONSHIPS_OR_PREDICATES_EXTRACTED_FROM_A_TEXT_LIKELY_RELATED_TO_AGRICULTURE_OR_GARDENING
0,PRICKED_OUT_IN,1,PLANTED_IN,PLANTED_IN,THIS_APPEARS_TO_BE_A_LIST_OF_RELATIONSHIPS_OR_PREDICATES_EXTRACTED_FROM_A_TEXT_LIKELY_RELATED_TO_AGRICULTURE_OR_GARDENING
0,PROCESSES_MANURE_IN,1,PLANTED_IN,PLANTED_IN,THIS_APPEARS_TO_BE_A_LIST_OF_RELATIONSHIPS_OR_PREDICATES_EXTRACTED_FROM_A_TEXT_LIKELY_RELATED_TO_AGRICULTURE_OR_GARDENING
0,PRODUCE_LARGE_ROOTS_IN_THE_WINTER,1,PLANTED_IN,PLANTED_IN,THIS_APPEARS_TO_BE_A_LIST_OF_RELATIONSHIPS_OR_PREDICATES_EXTRACTED_FROM_A_TEXT_LIKELY_RELATED_TO_AGRICULTURE_OR_GARDENING
0,PRODUCES_IN_TOTAL,1,PLANTED_IN,PLANTED_IN,THIS_APPEARS_TO_BE_A_LIST_OF_RELATIONSHIPS_OR_PREDICATES_EXTRACTED_FROM_A_TEXT_LIKELY_RELATED_TO_AGRICULTURE_OR_GARDENING
0,PRODUCES_SEEDS,1,PLANTED_IN,PLANTED_IN,THIS_APPEARS_TO_BE_A_LIST_OF_RELATIONSHIPS_OR_PREDICATES_EXTRACTED_FROM_A_TEXT_LIKELY_RELATED_TO_AGRICULTURE_OR_GARDENING
0,PROMOTES,1,PLANTED_IN,PLANTED_IN,THIS_APPEARS_TO_BE_A_LIST_OF_RELATIONSHIPS_OR_PREDICATES_EXTRACTED_FROM_A_TEXT_LIKELY_RELATED_TO_AGRICULTURE_OR_GARDENING
0,PRONE_TO_DEGENERATION,1,PLANTED_IN,PLANTED_IN,THIS_APPEARS_TO_BE_A_LIST_OF_RELATIONSHIPS_OR_PREDICATES_EXTRACTED_FROM_A_TEXT_LIKELY_RELATED_TO_AGRICULTURE_OR_GARDENING
0,PRONE_TO_PESTS,1,PLANTED_IN,PLANTED_IN,THIS_APPEARS_TO_BE_A_LIST_OF_RELATIONSHIPS_OR_PREDICATES_EXTRACTED_FROM_A_TEXT_LIKELY_RELATED_TO_AGRICULTURE_OR_GARDENING
0,PROPAGATED_BY,1,PLANTED_IN,PLANTED_IN,THIS_APPEARS_TO_BE_A_LIST_OF_RELATIONSHIPS_OR_PREDICATES_EXTRACTED_FROM_A_TEXT_LIKELY_RELATED_TO_AGRICULTURE_OR_GARDENING
0,PROPAGATED_BY_BURSTING,1,PLANTED_IN,PLANTED_IN,THIS_APPEARS_TO_BE_A_LIST_OF_RELATIONSHIPS_OR_PREDICATES_EXTRACTED_FROM_A_TEXT_LIKELY_RELATED_TO_AGRICULTURE_OR_GARDENING
0,PROTECTED_AGAINST,1,PLANTED_IN,PLANTED_IN,THIS_APPEARS_TO_BE_A_LIST_OF_RELATIONSHIPS_OR_PREDICATES_EXTRACTED_FROM_A_TEXT_LIKELY_RELATED_TO_AGRICULTURE_OR_GARDENING
0,PROTECTED_AGAINST_WEATHER,1,PLANTED_IN,PLANTED_IN,THIS_APPEARS_TO_BE_A_LIST_OF_RELATIONSHIPS_OR_PREDICATES_EXTRACTED_FROM_A_TEXT_LIKELY_RELATED_TO_AGRICULTURE_OR_GARDENING
0,PROTECTED_DURING,1,PLANTED_IN,PLANTED_IN,THIS_APPEARS_TO_BE_A_LIST_OF_RELATIONSHIPS_OR_PREDICATES_EXTRACTED_FROM_A_TEXT_LIKELY_RELATED_TO_AGRICULTURE_OR_GARDENING
0,PROTECTED_FROM_AIR,1,PLANTED_IN,PLANTED_IN,THIS_APPEARS_TO_BE_A_LIST_OF_RELATIONSHIPS_OR_PREDICATES_EXTRACTED_FROM_A_TEXT_LIKELY_RELATED_TO_AGRICULTURE_OR_GARDENING
0,PROTECTED_FROM_BURNING,1,PLANTED_IN,PLANTED_IN,THIS_APPEARS_TO_BE_A_LIST_OF_RELATIONSHIPS_OR_PREDICATES_EXTRACTED_FROM_A_TEXT_LIKELY_RELATED_TO_AGRICULTURE_OR_GARDENING
0,PROTECTED_FROM_BURYING,1,PLANTED_IN,PLANTED_IN,THIS_APPEARS_TO_BE_A_LIST_OF_RELATIONSHIPS_OR_PREDICATES_EXTRACTED_FROM_A_TEXT_LIKELY_RELATED_TO_AGRICULTURE_OR_GARDENING
0,PROTECTED_FROM_WEATHER_CONDITION,1,PLANTED_IN,PLANTED_IN,THIS_APPEARS_TO_BE_A_LIST_OF_RELATIONSHIPS_OR_PREDICATES_EXTRACTED_FROM_A_TEXT_LIKELY_RELATED_TO_AGRICULTURE_OR_GARDENING
0,PROTECTED_WITH_SAME_MEANS,1,PLANTED_IN,PLANTED_IN,THIS_APPEARS_TO_BE_A_LIST_OF_RELATIONSHIPS_OR_PREDICATES_EXTRACTED_FROM_A_TEXT_LIKELY_RELATED_TO_AGRICULTURE_OR_GARDENING
0,PROTECTS_FROM,1,PLANTED_IN,PLANTED_IN,THIS_APPEARS_TO_BE_A_LIST_OF_RELATIONSHIPS_OR_PREDICATES_EXTRACTED_FROM_A_TEXT_LIKELY_RELATED_TO_AGRICULTURE_OR_GARDENING
0,PROVIDED_WITH_WATER_FROM_MANURE,1,PLANTED_IN,PLANTED_IN,THIS_APPEARS_TO_BE_A_LIST_OF_RELATIONSHIPS_OR_PREDICATES_EXTRACTED_FROM_A_TEXT_LIKELY_RELATED_TO_AGRICULTURE_OR_GARDENING
0,PRUNE_AFTER_PLANTING,1,PLANTED_IN,PLANTED_IN,THIS_APPEARS_TO_BE_A_LIST_OF_RELATIONSHIPS_OR_PREDICATES_EXTRACTED_FROM_A_TEXT_LIKELY_RELATED_TO_AGRICULTURE_OR_GARDENING
0,PRUNED_AT,1,PLANTED_IN,PLANTED_IN,THIS_APPEARS_TO_BE_A_LIST_OF_RELATIONSHIPS_OR_PREDICATES_EXTRACTED_FROM_A_TEXT_LIKELY_RELATED_TO_AGRICULTURE_OR_GARDENING
0,PRUNED_FOR_HEALTH,1,PLANTED_IN,PLANTED_IN,THIS_APPEARS_TO_BE_A_LIST_OF_RELATIONSHIPS_OR_PREDICATES_EXTRACTED_FROM_A_TEXT_LIKELY_RELATED_TO_AGRICULTURE_OR_GARDENING
0,PRUNED_TO_LENGTH,1,PLANTED_IN,PLANTED_IN,THIS_APPEARS_TO_BE_A_LIST_OF_RELATIONSHIPS_OR_PREDICATES_EXTRACTED_FROM_A_TEXT_LIKELY_RELATED_TO_AGRICULTURE_OR_GARDENING
0,PRUNED_USING_METHOD,1,PLANTED_IN,PLANTED_IN,THIS_APPEARS_TO_BE_A_LIST_OF_RELATIONSHIPS_OR_PREDICATES_EXTRACTED_FROM_A_TEXT_LIKELY_RELATED_TO_AGRICULTURE_OR_GARDENING
0,PRUNED_WITHIN_PERIOD,1,PLANTED_IN,PLANTED_IN,THIS_APPEARS_TO_BE_A_LIST_OF_RELATIONSHIPS_OR_PREDICATES_EXTRACTED_FROM_A_TEXT_LIKELY_RELATED_TO_AGRICULTURE_OR_GARDENING
0,PUBLISHED_AT,1,PLANTED_IN,PLANTED_IN,THIS_APPEARS_TO_BE_A_LIST_OF_RELATIONSHIPS_OR_PREDICATES_EXTRACTED_FROM_A_TEXT_LIKELY_RELATED_TO_AGRICULTURE_OR_GARDENING
0,PUBLISHED_BY,1,PLANTED_IN,PLANTED_IN,THIS_APPEARS_TO_BE_A_LIST_OF_RELATIONSHIPS_OR_PREDICATES_EXTRACTED_FROM_A_TEXT_LIKELY_RELATED_TO_AGRICULTURE_OR_GARDENING
0,PULLED_OUT_AT,1,PLANTED_IN,PLANTED_IN,THIS_APPEARS_TO_BE_A_LIST_OF_RELATIONSHIPS_OR_PREDICATES_EXTRACTED_FROM_A_TEXT_LIKELY_RELATED_TO_AGRICULTURE_OR_GARDENING
0,PUTTIED_WITH_FOUNTAIN_PUTTY,1,PLANTED_IN,PLANTED_IN,THIS_APPEARS_TO_BE_A_LIST_OF_RELATIONSHIPS_OR_PREDICATES_EXTRACTED_FROM_A_TEXT_LIKELY_RELATED_TO_AGRICULTURE_OR_GARDENING
0,RADISH_GROWN_AND_WATERED,1,PLANTED_IN,PLANTED_IN,THIS_APPEARS_TO_BE_A_LIST_OF_RELATIONSHIPS_OR_PREDICATES_EXTRACTED_FROM_A_TEXT_LIKELY_RELATED_TO_AGRICULTURE_OR_GARDENING
0,RAISED_ABOVE,1,PLANTED_IN,PLANTED_IN,THIS_APPEARS_TO_BE_A_LIST_OF_RELATIONSHIPS_OR_PREDICATES_EXTRACTED_FROM_A_TEXT_LIKELY_RELATED_TO_AGRICULTURE_OR_GARDENING
0,RAISED_BY_ON_NORTH_SIDE,1,PLANTED_IN,PLANTED_IN,THIS_APPEARS_TO_BE_A_LIST_OF_RELATIONSHIPS_OR_PREDICATES_EXTRACTED_FROM_A_TEXT_LIKELY_RELATED_TO_AGRICULTURE_OR_GARDENING
0,RAISED_TO_LEVEL_OF,1,PLANTED_IN,PLANTED_IN,THIS_APPEARS_TO_BE_A_LIST_OF_RELATIONSHIPS_OR_PREDICATES_EXTRACTED_FROM_A_TEXT_LIKELY_RELATED_TO_AGRICULTURE_OR_GARDENING
0,RAISED_WITH,1,PLANTED_IN,PLANTED_IN,THIS_APPEARS_TO_BE_A_LIST_OF_RELATIONSHIPS_OR_PREDICATES_EXTRACTED_FROM_A_TEXT_LIKELY_RELATED_TO_AGRICULTURE_OR_GARDENING
0,RAKED_IN,1,PLANTED_IN,PLANTED_IN,THIS_APPEARS_TO_BE_A_LIST_OF_RELATIONSHIPS_OR_PREDICATES_EXTRACTED_FROM_A_TEXT_LIKELY_RELATED_TO_AGRICULTURE_OR_GARDENING
0,RARELY_MARRY_OUTSIDE_OF,1,PLANTED_IN,PLANTED_IN,THIS_APPEARS_TO_BE_A_LIST_OF_RELATIONSHIPS_OR_PREDICATES_EXTRACTED_FROM_A_TEXT_LIKELY_RELATED_TO_AGRICULTURE_OR_GARDENING
0,REACHES_LENGTH_OF,1,PLANTED_IN,PLANTED_IN,THIS_APPEARS_TO_BE_A_LIST_OF_RELATIONSHIPS_OR_PREDICATES_EXTRACTED_FROM_A_TEXT_LIKELY_RELATED_TO_AGRICULTURE_OR_GARDENING
0,READY_FOR,1,PLANTED_IN,PLANTED_IN,THIS_APPEARS_TO_BE_A_LIST_OF_RELATIONSHIPS_OR_PREDICATES_EXTRACTED_FROM_A_TEXT_LIKELY_RELATED_TO_AGRICULTURE_OR_GARDENING
0,IS_READY_FOR_CONSUMPTION_AFTER,1,PLANTED_IN,PLANTED_IN,THIS_APPEARS_TO_BE_A_LIST_OF_RELATIONSHIPS_OR_PREDICATES_EXTRACTED_FROM_A_TEXT_LIKELY_RELATED_TO_AGRICULTURE_OR_GARDENING
0,READY_FOR_CONSUMPTION_AT,1,PLANTED_IN,PLANTED_IN,THIS_APPEARS_TO_BE_A_LIST_OF_RELATIONSHIPS_OR_PREDICATES_EXTRACTED_FROM_A_TEXT_LIKELY_RELATED_TO_AGRICULTURE_OR_GARDENING
0,IS_READY_FOR_SALE,1,PLANTED_IN,PLANTED_IN,THIS_APPEARS_TO_BE_A_LIST_OF_RELATIONSHIPS_OR_PREDICATES_EXTRACTED_FROM_A_TEXT_LIKELY_RELATED_TO_AGRICULTURE_OR_GARDENING
0,READY_IN,1,PLANTED_IN,PLANTED_IN,THIS_APPEARS_TO_BE_A_LIST_OF_RELATIONSHIPS_OR_PREDICATES_EXTRACTED_FROM_A_TEXT_LIKELY_RELATED_TO_AGRICULTURE_OR_GARDENING
0,READY_TO_BE_CUT_AT_THE_SAME_TIME_AS,1,PLANTED_IN,PLANTED_IN,THIS_APPEARS_TO_BE_A_LIST_OF_RELATIONSHIPS_OR_PREDICATES_EXTRACTED_FROM_A_TEXT_LIKELY_RELATED_TO_AGRICULTURE_OR_GARDENING
0,READY_TO_HARVEST_IN_WEEKS,1,PLANTED_IN,PLANTED_IN,THIS_APPEARS_TO_BE_A_LIST_OF_RELATIONSHIPS_OR_PREDICATES_EXTRACTED_FROM_A_TEXT_LIKELY_RELATED_TO_AGRICULTURE_OR_GARDENING
0,REASONING_ABOUT,1,PLANTED_IN,PLANTED_IN,THIS_APPEARS_TO_BE_A_LIST_OF_RELATIONSHIPS_OR_PREDICATES_EXTRACTED_FROM_A_TEXT_LIKELY_RELATED_TO_AGRICULTURE_OR_GARDENING
0,RECEIVES_HOEING,1,PLANTED_IN,PLANTED_IN,THIS_APPEARS_TO_BE_A_LIST_OF_RELATIONSHIPS_OR_PREDICATES_EXTRACTED_FROM_A_TEXT_LIKELY_RELATED_TO_AGRICULTURE_OR_GARDENING
0,RECEIVES_SAME_CARE_AS,1,PLANTED_IN,PLANTED_IN,THIS_APPEARS_TO_BE_A_LIST_OF_RELATIONSHIPS_OR_PREDICATES_EXTRACTED_FROM_A_TEXT_LIKELY_RELATED_TO_AGRICULTURE_OR_GARDENING
0,RECIPIENT_OF,1,PLANTED_IN,PLANTED_IN,THIS_APPEARS_TO_BE_A_LIST_OF_RELATIONSHIPS_OR_PREDICATES_EXTRACTED_FROM_A_TEXT_LIKELY_RELATED_TO_AGRICULTURE_OR_GARDENING
0,RECOGNIZED_BY_BROADER_LEAVES_THAN,1,PLANTED_IN,PLANTED_IN,THIS_APPEARS_TO_BE_A_LIST_OF_RELATIONSHIPS_OR_PREDICATES_EXTRACTED_FROM_A_TEXT_LIKELY_RELATED_TO_AGRICULTURE_OR_GARDENING
0,REDUCES_WATERING_NEEDS_OF,1,PLANTED_IN,PLANTED_IN,THIS_APPEARS_TO_BE_A_LIST_OF_RELATIONSHIPS_OR_PREDICATES_EXTRACTED_FROM_A_TEXT_LIKELY_RELATED_TO_AGRICULTURE_OR_GARDENING
0,REGENERATED_AT,1,PLANTED_IN,PLANTED_IN,THIS_APPEARS_TO_BE_A_LIST_OF_RELATIONSHIPS_OR_PREDICATES_EXTRACTED_FROM_A_TEXT_LIKELY_RELATED_TO_AGRICULTURE_OR_GARDENING
0,REJECTED_BY,1,PLANTED_IN,PLANTED_IN,THIS_APPEARS_TO_BE_A_LIST_OF_RELATIONSHIPS_OR_PREDICATES_EXTRACTED_FROM_A_TEXT_LIKELY_RELATED_TO_AGRICULTURE_OR_GARDENING
0,RELATIONSHIP_TYPE_FRESHENED_WITH,1,PLANTED_IN,PLANTED_IN,THIS_APPEARS_TO_BE_A_LIST_OF_RELATIONSHIPS_OR_PREDICATES_EXTRACTED_FROM_A_TEXT_LIKELY_RELATED_TO_AGRICULTURE_OR_GARDENING
0,RELIES_ON,1,PLANTED_IN,PLANTED_IN,THIS_APPEARS_TO_BE_A_LIST_OF_RELATIONSHIPS_OR_PREDICATES_EXTRACTED_FROM_A_TEXT_LIKELY_RELATED_TO_AGRICULTURE_OR_GARDENING
0,RELIGIOUS_CEREMONY_ATTENDED_BY,1,PLANTED_IN,PLANTED_IN,THIS_APPEARS_TO_BE_A_LIST_OF_RELATIONSHIPS_OR_PREDICATES_EXTRACTED_FROM_A_TEXT_LIKELY_RELATED_TO_AGRICULTURE_OR_GARDENING
0,RELOCATED_IN_MONTH,1,PLANTED_IN,PLANTED_IN,THIS_APPEARS_TO_BE_A_LIST_OF_RELATIONSHIPS_OR_PREDICATES_EXTRACTED_FROM_A_TEXT_LIKELY_RELATED_TO_AGRICULTURE_OR_GARDENING
0,REMOVE_DURING_PLANTING,1,PLANTED_IN,PLANTED_IN,THIS_APPEARS_TO_BE_A_LIST_OF_RELATIONSHIPS_OR_PREDICATES_EXTRACTED_FROM_A_TEXT_LIKELY_RELATED_TO_AGRICULTURE_OR_GARDENING
0,IS_REMOVED_AFTER_SELECTION,1,PLANTED_IN,PLANTED_IN,THIS_APPEARS_TO_BE_A_LIST_OF_RELATIONSHIPS_OR_PREDICATES_EXTRACTED_FROM_A_TEXT_LIKELY_RELATED_TO_AGRICULTURE_OR_GARDENING
0,REMOVED_DURING,1,PLANTED_IN,PLANTED_IN,THIS_APPEARS_TO_BE_A_LIST_OF_RELATIONSHIPS_OR_PREDICATES_EXTRACTED_FROM_A_TEXT_LIKELY_RELATED_TO_AGRICULTURE_OR_GARDENING
0,REMOVED_FROM_PATHS_OF,1,PLANTED_IN,PLANTED_IN,THIS_APPEARS_TO_BE_A_LIST_OF_RELATIONSHIPS_OR_PREDICATES_EXTRACTED_FROM_A_TEXT_LIKELY_RELATED_TO_AGRICULTURE_OR_GARDENING
0,REMOVED_ON,1,PLANTED_IN,PLANTED_IN,THIS_APPEARS_TO_BE_A_LIST_OF_RELATIONSHIPS_OR_PREDICATES_EXTRACTED_FROM_A_TEXT_LIKELY_RELATED_TO_AGRICULTURE_OR_GARDENING
0,REMOVED_ON_DATE,1,PLANTED_IN,PLANTED_IN,THIS_APPEARS_TO_BE_A_LIST_OF_RELATIONSHIPS_OR_PREDICATES_EXTRACTED_FROM_A_TEXT_LIKELY_RELATED_TO_AGRICULTURE_OR_GARDENING
0,REMOVES_SPREAD,1,PLANTED_IN,PLANTED_IN,THIS_APPEARS_TO_BE_A_LIST_OF_RELATIONSHIPS_OR_PREDICATES_EXTRACTED_FROM_A_TEXT_LIKELY_RELATED_TO_AGRICULTURE_OR_GARDENING
0,RENEWED_APPEAL,1,PLANTED_IN,PLANTED_IN,THIS_APPEARS_TO_BE_A_LIST_OF_RELATIONSHIPS_OR_PREDICATES_EXTRACTED_FROM_A_TEXT_LIKELY_RELATED_TO_AGRICULTURE_OR_GARDENING
0,RENTED_AT,1,PLANTED_IN,PLANTED_IN,THIS_APPEARS_TO_BE_A_LIST_OF_RELATIONSHIPS_OR_PREDICATES_EXTRACTED_FROM_A_TEXT_LIKELY_RELATED_TO_AGRICULTURE_OR_GARDENING
0,REPLACEBY_IN_SEASON,1,PLANTED_IN,PLANTED_IN,THIS_APPEARS_TO_BE_A_LIST_OF_RELATIONSHIPS_OR_PREDICATES_EXTRACTED_FROM_A_TEXT_LIKELY_RELATED_TO_AGRICULTURE_OR_GARDENING
0,REPLACED_WITH,1,PLANTED_IN,PLANTED_IN,THIS_APPEARS_TO_BE_A_LIST_OF_RELATIONSHIPS_OR_PREDICATES_EXTRACTED_FROM_A_TEXT_LIKELY_RELATED_TO_AGRICULTURE_OR_GARDENING
0, REPLACES,1,PLANTED_IN,PLANTED_IN,THIS_APPEARS_TO_BE_A_LIST_OF_RELATIONSHIPS_OR_PREDICATES_EXTRACTED_FROM_A_TEXT_LIKELY_RELATED_TO_AGRICULTURE_OR_GARDENING
0,REPLANTED_EVERY_FOUR_OR_FIVE_YEARS_BY_DIVIDING_ROOTS_AND_REPLANTING_IN_BEDS,1,PLANTED_IN,PLANTED_IN,THIS_APPEARS_TO_BE_A_LIST_OF_RELATIONSHIPS_OR_PREDICATES_EXTRACTED_FROM_A_TEXT_LIKELY_RELATED_TO_AGRICULTURE_OR_GARDENING
0,REQUIRE_WATERING_IN_CONDITIONS,1,PLANTED_IN,PLANTED_IN,THIS_APPEARS_TO_BE_A_LIST_OF_RELATIONSHIPS_OR_PREDICATES_EXTRACTED_FROM_A_TEXT_LIKELY_RELATED_TO_AGRICULTURE_OR_GARDENING
0,REQUIRES_ADDITIONAL_LABOR,1,PLANTED_IN,PLANTED_IN,THIS_APPEARS_TO_BE_A_LIST_OF_RELATIONSHIPS_OR_PREDICATES_EXTRACTED_FROM_A_TEXT_LIKELY_RELATED_TO_AGRICULTURE_OR_GARDENING
0,REQUIRES_ATMOSPHERICCONDITION,1,PLANTED_IN,PLANTED_IN,THIS_APPEARS_TO_BE_A_LIST_OF_RELATIONSHIPS_OR_PREDICATES_EXTRACTED_FROM_A_TEXT_LIKELY_RELATED_TO_AGRICULTURE_OR_GARDENING
0,REQUIRES_BINDING,1,PLANTED_IN,PLANTED_IN,THIS_APPEARS_TO_BE_A_LIST_OF_RELATIONSHIPS_OR_PREDICATES_EXTRACTED_FROM_A_TEXT_LIKELY_RELATED_TO_AGRICULTURE_OR_GARDENING
0,REQUIRES_CARE,1,PLANTED_IN,PLANTED_IN,THIS_APPEARS_TO_BE_A_LIST_OF_RELATIONSHIPS_OR_PREDICATES_EXTRACTED_FROM_A_TEXT_LIKELY_RELATED_TO_AGRICULTURE_OR_GARDENING
0,REQUIRES_COVER_BEFORE_NIGHTFALL,1,PLANTED_IN,PLANTED_IN,THIS_APPEARS_TO_BE_A_LIST_OF_RELATIONSHIPS_OR_PREDICATES_EXTRACTED_FROM_A_TEXT_LIKELY_RELATED_TO_AGRICULTURE_OR_GARDENING
0,REQUIRES_COVERING,1,PLANTED_IN,PLANTED_IN,THIS_APPEARS_TO_BE_A_LIST_OF_RELATIONSHIPS_OR_PREDICATES_EXTRACTED_FROM_A_TEXT_LIKELY_RELATED_TO_AGRICULTURE_OR_GARDENING
0,REQUIRES_COVERING_UNTIL,1,PLANTED_IN,PLANTED_IN,THIS_APPEARS_TO_BE_A_LIST_OF_RELATIONSHIPS_OR_PREDICATES_EXTRACTED_FROM_A_TEXT_LIKELY_RELATED_TO_AGRICULTURE_OR_GARDENING
0,REQUIRES_FREQUENT_WATERING,1,PLANTED_IN,PLANTED_IN,THIS_APPEARS_TO_BE_A_LIST_OF_RELATIONSHIPS_OR_PREDICATES_EXTRACTED_FROM_A_TEXT_LIKELY_RELATED_TO_AGRICULTURE_OR_GARDENING
0,REQUIRES_INPUT,1,PLANTED_IN,PLANTED_IN,THIS_APPEARS_TO_BE_A_LIST_OF_RELATIONSHIPS_OR_PREDICATES_EXTRACTED_FROM_A_TEXT_LIKELY_RELATED_TO_AGRICULTURE_OR_GARDENING
0,REQUIRES_LABOR,1,PLANTED_IN,PLANTED_IN,THIS_APPEARS_TO_BE_A_LIST_OF_RELATIONSHIPS_OR_PREDICATES_EXTRACTED_FROM_A_TEXT_LIKELY_RELATED_TO_AGRICULTURE_OR_GARDENING
0,REQUIRES_LIGHT_MOISTURE,1,PLANTED_IN,PLANTED_IN,THIS_APPEARS_TO_BE_A_LIST_OF_RELATIONSHIPS_OR_PREDICATES_EXTRACTED_FROM_A_TEXT_LIKELY_RELATED_TO_AGRICULTURE_OR_GARDENING
0,REQUIRES_MAINTENANCE_AT_STAGE,1,PLANTED_IN,PLANTED_IN,THIS_APPEARS_TO_BE_A_LIST_OF_RELATIONSHIPS_OR_PREDICATES_EXTRACTED_FROM_A_TEXT_LIKELY_RELATED_TO_AGRICULTURE_OR_GARDENING
0,REQUIRES_MANAGEMENT_IN_MONTH,1,PLANTED_IN,PLANTED_IN,THIS_APPEARS_TO_BE_A_LIST_OF_RELATIONSHIPS_OR_PREDICATES_EXTRACTED_FROM_A_TEXT_LIKELY_RELATED_TO_AGRICULTURE_OR_GARDENING
0,REQUIRES_MANAGEMENT_IN_MONTHS,1,PLANTED_IN,PLANTED_IN,THIS_APPEARS_TO_BE_A_LIST_OF_RELATIONSHIPS_OR_PREDICATES_EXTRACTED_FROM_A_TEXT_LIKELY_RELATED_TO_AGRICULTURE_OR_GARDENING
0,REQUIRES_PLANTING_DATE,1,PLANTED_IN,PLANTED_IN,THIS_APPEARS_TO_BE_A_LIST_OF_RELATIONSHIPS_OR_PREDICATES_EXTRACTED_FROM_A_TEXT_LIKELY_RELATED_TO_AGRICULTURE_OR_GARDENING
0,REQUIRES_PRACTICE,1,PLANTED_IN,PLANTED_IN,THIS_APPEARS_TO_BE_A_LIST_OF_RELATIONSHIPS_OR_PREDICATES_EXTRACTED_FROM_A_TEXT_LIKELY_RELATED_TO_AGRICULTURE_OR_GARDENING
0,REQUIRES_PREVENTION_FROM,1,PLANTED_IN,PLANTED_IN,THIS_APPEARS_TO_BE_A_LIST_OF_RELATIONSHIPS_OR_PREDICATES_EXTRACTED_FROM_A_TEXT_LIKELY_RELATED_TO_AGRICULTURE_OR_GARDENING
0,REQUIRES_PRUNING,1,PLANTED_IN,PLANTED_IN,THIS_APPEARS_TO_BE_A_LIST_OF_RELATIONSHIPS_OR_PREDICATES_EXTRACTED_FROM_A_TEXT_LIKELY_RELATED_TO_AGRICULTURE_OR_GARDENING
0,REQUIRES_REGULAR_CHECKS,1,PLANTED_IN,PLANTED_IN,THIS_APPEARS_TO_BE_A_LIST_OF_RELATIONSHIPS_OR_PREDICATES_EXTRACTED_FROM_A_TEXT_LIKELY_RELATED_TO_AGRICULTURE_OR_GARDENING
0,REQUIRES_REGULAR_REMOVAL,1,PLANTED_IN,PLANTED_IN,THIS_APPEARS_TO_BE_A_LIST_OF_RELATIONSHIPS_OR_PREDICATES_EXTRACTED_FROM_A_TEXT_LIKELY_RELATED_TO_AGRICULTURE_OR_GARDENING
0,REQUIRES_REGULAR_VISITS,1,PLANTED_IN,PLANTED_IN,THIS_APPEARS_TO_BE_A_LIST_OF_RELATIONSHIPS_OR_PREDICATES_EXTRACTED_FROM_A_TEXT_LIKELY_RELATED_TO_AGRICULTURE_OR_GARDENING
0,REQUIRES_REGULAR_WATERING,1,PLANTED_IN,PLANTED_IN,THIS_APPEARS_TO_BE_A_LIST_OF_RELATIONSHIPS_OR_PREDICATES_EXTRACTED_FROM_A_TEXT_LIKELY_RELATED_TO_AGRICULTURE_OR_GARDENING
0,-requires-relationship,1,PLANTED_IN,PLANTED_IN,THIS_APPEARS_TO_BE_A_LIST_OF_RELATIONSHIPS_OR_PREDICATES_EXTRACTED_FROM_A_TEXT_LIKELY_RELATED_TO_AGRICULTURE_OR_GARDENING
0,REQUIRES_REMOVAL_IN,1,PLANTED_IN,PLANTED_IN,THIS_APPEARS_TO_BE_A_LIST_OF_RELATIONSHIPS_OR_PREDICATES_EXTRACTED_FROM_A_TEXT_LIKELY_RELATED_TO_AGRICULTURE_OR_GARDENING
0,REQUIRES_REPLACEMENT_IN,1,PLANTED_IN,PLANTED_IN,THIS_APPEARS_TO_BE_A_LIST_OF_RELATIONSHIPS_OR_PREDICATES_EXTRACTED_FROM_A_TEXT_LIKELY_RELATED_TO_AGRICULTURE_OR_GARDENING
0,REQUIRES_SEED_QUANTITY,1,PLANTED_IN,PLANTED_IN,THIS_APPEARS_TO_BE_A_LIST_OF_RELATIONSHIPS_OR_PREDICATES_EXTRACTED_FROM_A_TEXT_LIKELY_RELATED_TO_AGRICULTURE_OR_GARDENING
0,REQUIRES_SHELTER_FROM,1,PLANTED_IN,PLANTED_IN,THIS_APPEARS_TO_BE_A_LIST_OF_RELATIONSHIPS_OR_PREDICATES_EXTRACTED_FROM_A_TEXT_LIKELY_RELATED_TO_AGRICULTURE_OR_GARDENING
0,REQUIRES_SHELTERING_WITH_BEDDING_UNDER_FROST,1,PLANTED_IN,PLANTED_IN,THIS_APPEARS_TO_BE_A_LIST_OF_RELATIONSHIPS_OR_PREDICATES_EXTRACTED_FROM_A_TEXT_LIKELY_RELATED_TO_AGRICULTURE_OR_GARDENING
0,REQUIRES_SOIL_CONDITION,1,PLANTED_IN,PLANTED_IN,THIS_APPEARS_TO_BE_A_LIST_OF_RELATIONSHIPS_OR_PREDICATES_EXTRACTED_FROM_A_TEXT_LIKELY_RELATED_TO_AGRICULTURE_OR_GARDENING
0,REQUIRES_SOIL_TYPE,1,PLANTED_IN,PLANTED_IN,THIS_APPEARS_TO_BE_A_LIST_OF_RELATIONSHIPS_OR_PREDICATES_EXTRACTED_FROM_A_TEXT_LIKELY_RELATED_TO_AGRICULTURE_OR_GARDENING
0,REQUIRES_SPECIAL_STORAGE,1,PLANTED_IN,PLANTED_IN,THIS_APPEARS_TO_BE_A_LIST_OF_RELATIONSHIPS_OR_PREDICATES_EXTRACTED_FROM_A_TEXT_LIKELY_RELATED_TO_AGRICULTURE_OR_GARDENING
0,REQUIRES_SPECIFIC_CONDITIONS,1,PLANTED_IN,PLANTED_IN,THIS_APPEARS_TO_BE_A_LIST_OF_RELATIONSHIPS_OR_PREDICATES_EXTRACTED_FROM_A_TEXT_LIKELY_RELATED_TO_AGRICULTURE_OR_GARDENING
0,REQUIRES_SPECIFIC_TEMPERATURE,1,PLANTED_IN,PLANTED_IN,THIS_APPEARS_TO_BE_A_LIST_OF_RELATIONSHIPS_OR_PREDICATES_EXTRACTED_FROM_A_TEXT_LIKELY_RELATED_TO_AGRICULTURE_OR_GARDENING
0,REQUIRES_SUNLIGHT_PENETRATION,1,PLANTED_IN,PLANTED_IN,THIS_APPEARS_TO_BE_A_LIST_OF_RELATIONSHIPS_OR_PREDICATES_EXTRACTED_FROM_A_TEXT_LIKELY_RELATED_TO_AGRICULTURE_OR_GARDENING
0,REQUIRES_SUPPORT,1,PLANTED_IN,PLANTED_IN,THIS_APPEARS_TO_BE_A_LIST_OF_RELATIONSHIPS_OR_PREDICATES_EXTRACTED_FROM_A_TEXT_LIKELY_RELATED_TO_AGRICULTURE_OR_GARDENING
0,REQUIRES_SUPPORT_AFTER_PLANTING,1,PLANTED_IN,PLANTED_IN,THIS_APPEARS_TO_BE_A_LIST_OF_RELATIONSHIPS_OR_PREDICATES_EXTRACTED_FROM_A_TEXT_LIKELY_RELATED_TO_AGRICULTURE_OR_GARDENING
0,REQUIRES Thickness,1,PLANTED_IN,PLANTED_IN,THIS_APPEARS_TO_BE_A_LIST_OF_RELATIONSHIPS_OR_PREDICATES_EXTRACTED_FROM_A_TEXT_LIKELY_RELATED_TO_AGRICULTURE_OR_GARDENING
0,REQUIRES_TO_GROW,1,PLANTED_IN,PLANTED_IN,THIS_APPEARS_TO_BE_A_LIST_OF_RELATIONSHIPS_OR_PREDICATES_EXTRACTED_FROM_A_TEXT_LIKELY_RELATED_TO_AGRICULTURE_OR_GARDENING
0,REQUIRES_WATERING_SCHEDULE,1,PLANTED_IN,PLANTED_IN,THIS_APPEARS_TO_BE_A_LIST_OF_RELATIONSHIPS_OR_PREDICATES_EXTRACTED_FROM_A_TEXT_LIKELY_RELATED_TO_AGRICULTURE_OR_GARDENING
0,RESEARCHED_BY,1,PLANTED_IN,PLANTED_IN,THIS_APPEARS_TO_BE_A_LIST_OF_RELATIONSHIPS_OR_PREDICATES_EXTRACTED_FROM_A_TEXT_LIKELY_RELATED_TO_AGRICULTURE_OR_GARDENING
0,RESULTS_IN,1,PLANTED_IN,PLANTED_IN,THIS_APPEARS_TO_BE_A_LIST_OF_RELATIONSHIPS_OR_PREDICATES_EXTRACTED_FROM_A_TEXT_LIKELY_RELATED_TO_AGRICULTURE_OR_GARDENING
0,RETAINS_GERMINATIVE_CAPACITY_FOR,1,PLANTED_IN,PLANTED_IN,THIS_APPEARS_TO_BE_A_LIST_OF_RELATIONSHIPS_OR_PREDICATES_EXTRACTED_FROM_A_TEXT_LIKELY_RELATED_TO_AGRICULTURE_OR_GARDENING
0,RETAINS.VERTICAL_DIRECTION,1,PLANTED_IN,PLANTED_IN,THIS_APPEARS_TO_BE_A_LIST_OF_RELATIONSHIPS_OR_PREDICATES_EXTRACTED_FROM_A_TEXT_LIKELY_RELATED_TO_AGRICULTURE_OR_GARDENING
0,RETRANSPLANTATION_DONE_ON,1,PLANTED_IN,PLANTED_IN,THIS_APPEARS_TO_BE_A_LIST_OF_RELATIONSHIPS_OR_PREDICATES_EXTRACTED_FROM_A_TEXT_LIKELY_RELATED_TO_AGRICULTURE_OR_GARDENING
0,RIPE_FROM,1,PLANTED_IN,PLANTED_IN,THIS_APPEARS_TO_BE_A_LIST_OF_RELATIONSHIPS_OR_PREDICATES_EXTRACTED_FROM_A_TEXT_LIKELY_RELATED_TO_AGRICULTURE_OR_GARDENING
0,RIPENS_SEED_IN,1,PLANTED_IN,PLANTED_IN,THIS_APPEARS_TO_BE_A_LIST_OF_RELATIONSHIPS_OR_PREDICATES_EXTRACTED_FROM_A_TEXT_LIKELY_RELATED_TO_AGRICULTURE_OR_GARDENING
0,RISEN_DURING,1,PLANTED_IN,PLANTED_IN,THIS_APPEARS_TO_BE_A_LIST_OF_RELATIONSHIPS_OR_PREDICATES_EXTRACTED_FROM_A_TEXT_LIKELY_RELATED_TO_AGRICULTURE_OR_GARDENING
0,RISES_IN,1,PLANTED_IN,PLANTED_IN,THIS_APPEARS_TO_BE_A_LIST_OF_RELATIONSHIPS_OR_PREDICATES_EXTRACTED_FROM_A_TEXT_LIKELY_RELATED_TO_AGRICULTURE_OR_GARDENING
0,SAME_AS_TYPE,1,PLANTED_IN,PLANTED_IN,THIS_APPEARS_TO_BE_A_LIST_OF_RELATIONSHIPS_OR_PREDICATES_EXTRACTED_FROM_A_TEXT_LIKELY_RELATED_TO_AGRICULTURE_OR_GARDENING
0,SAME_AS_VARIETY,1,PLANTED_IN,PLANTED_IN,THIS_APPEARS_TO_BE_A_LIST_OF_RELATIONSHIPS_OR_PREDICATES_EXTRACTED_FROM_A_TEXT_LIKELY_RELATED_TO_AGRICULTURE_OR_GARDENING
0,SCHEDULED_FOR,1,PLANTED_IN,PLANTED_IN,THIS_APPEARS_TO_BE_A_LIST_OF_RELATIONSHIPS_OR_PREDICATES_EXTRACTED_FROM_A_TEXT_LIKELY_RELATED_TO_AGRICULTURE_OR_GARDENING
0,SEASONAL_ASSOCIATION_WITH_CROP_GROWTH_PERIODS,1,PLANTED_IN,PLANTED_IN,THIS_APPEARS_TO_BE_A_LIST_OF_RELATIONSHIPS_OR_PREDICATES_EXTRACTED_FROM_A_TEXT_LIKELY_RELATED_TO_AGRICULTURE_OR_GARDENING
0,SECOND_PLANTING_STUNTS_GROWTH,1,PLANTED_IN,PLANTED_IN,THIS_APPEARS_TO_BE_A_LIST_OF_RELATIONSHIPS_OR_PREDICATES_EXTRACTED_FROM_A_TEXT_LIKELY_RELATED_TO_AGRICULTURE_OR_GARDENING
0,SEED_BEARING_LETTUCE_RETAINS_SEEDS_FOR,1,PLANTED_IN,PLANTED_IN,THIS_APPEARS_TO_BE_A_LIST_OF_RELATIONSHIPS_OR_PREDICATES_EXTRACTED_FROM_A_TEXT_LIKELY_RELATED_TO_AGRICULTURE_OR_GARDENING
0,SEED_HARVESTING_METHOD,1,PLANTED_IN,PLANTED_IN,THIS_APPEARS_TO_BE_A_LIST_OF_RELATIONSHIPS_OR_PREDICATES_EXTRACTED_FROM_A_TEXT_LIKELY_RELATED_TO_AGRICULTURE_OR_GARDENING
0,SEED_LENGTH_COMPARISON,1,PLANTED_IN,PLANTED_IN,THIS_APPEARS_TO_BE_A_LIST_OF_RELATIONSHIPS_OR_PREDICATES_EXTRACTED_FROM_A_TEXT_LIKELY_RELATED_TO_AGRICULTURE_OR_GARDENING
0,SEED_RETAINS_GERMINATIVE_CAPACITY_FOR,1,PLANTED_IN,PLANTED_IN,THIS_APPEARS_TO_BE_A_LIST_OF_RELATIONSHIPS_OR_PREDICATES_EXTRACTED_FROM_A_TEXT_LIKELY_RELATED_TO_AGRICULTURE_OR_GARDENING
0,SEED_SOURCES,1,PLANTED_IN,PLANTED_IN,THIS_APPEARS_TO_BE_A_LIST_OF_RELATIONSHIPS_OR_PREDICATES_EXTRACTED_FROM_A_TEXT_LIKELY_RELATED_TO_AGRICULTURE_OR_GARDENING
0,SELECTED_AFTER_PRUNING,1,PLANTED_IN,PLANTED_IN,THIS_APPEARS_TO_BE_A_LIST_OF_RELATIONSHIPS_OR_PREDICATES_EXTRACTED_FROM_A_TEXT_LIKELY_RELATED_TO_AGRICULTURE_OR_GARDENING
0,SELECTED_BASED_ON_SHAPE,1,PLANTED_IN,PLANTED_IN,THIS_APPEARS_TO_BE_A_LIST_OF_RELATIONSHIPS_OR_PREDICATES_EXTRACTED_FROM_A_TEXT_LIKELY_RELATED_TO_AGRICULTURE_OR_GARDENING
0,SELECTED_FOR_CONSUMPTION,1,PLANTED_IN,PLANTED_IN,THIS_APPEARS_TO_BE_A_LIST_OF_RELATIONSHIPS_OR_PREDICATES_EXTRACTED_FROM_A_TEXT_LIKELY_RELATED_TO_AGRICULTURE_OR_GARDENING
0,SELECTED_FROM,1,PLANTED_IN,PLANTED_IN,THIS_APPEARS_TO_BE_A_LIST_OF_RELATIONSHIPS_OR_PREDICATES_EXTRACTED_FROM_A_TEXT_LIKELY_RELATED_TO_AGRICULTURE_OR_GARDENING
0,SENSITIVE_TO_FROST,1,PLANTED_IN,PLANTED_IN,THIS_APPEARS_TO_BE_A_LIST_OF_RELATIONSHIPS_OR_PREDICATES_EXTRACTED_FROM_A_TEXT_LIKELY_RELATED_TO_AGRICULTURE_OR_GARDENING
0,SENT_TO_MARKET_AT,1,PLANTED_IN,PLANTED_IN,THIS_APPEARS_TO_BE_A_LIST_OF_RELATIONSHIPS_OR_PREDICATES_EXTRACTED_FROM_A_TEXT_LIKELY_RELATED_TO_AGRICULTURE_OR_GARDENING
0,SEPARATED_BY,1,PLANTED_IN,PLANTED_IN,THIS_APPEARS_TO_BE_A_LIST_OF_RELATIONSHIPS_OR_PREDICATES_EXTRACTED_FROM_A_TEXT_LIKELY_RELATED_TO_AGRICULTURE_OR_GARDENING
0,SERVES_AS,1,PLANTED_IN,PLANTED_IN,THIS_APPEARS_TO_BE_A_LIST_OF_RELATIONSHIPS_OR_PREDICATES_EXTRACTED_FROM_A_TEXT_LIKELY_RELATED_TO_AGRICULTURE_OR_GARDENING
0,SET_SEED_IN,1,PLANTED_IN,PLANTED_IN,THIS_APPEARS_TO_BE_A_LIST_OF_RELATIONSHIPS_OR_PREDICATES_EXTRACTED_FROM_A_TEXT_LIKELY_RELATED_TO_AGRICULTURE_OR_GARDENING
0,IS_SET_UP_IN,1,PLANTED_IN,PLANTED_IN,THIS_APPEARS_TO_BE_A_LIST_OF_RELATIONSHIPS_OR_PREDICATES_EXTRACTED_FROM_A_TEXT_LIKELY_RELATED_TO_AGRICULTURE_OR_GARDENING
0,SHADE PROVIDED_BY,1,PLANTED_IN,PLANTED_IN,THIS_APPEARS_TO_BE_A_LIST_OF_RELATIONSHIPS_OR_PREDICATES_EXTRACTED_FROM_A_TEXT_LIKELY_RELATED_TO_AGRICULTURE_OR_GARDENING
0,IS_SHAKEN,1,PLANTED_IN,PLANTED_IN,THIS_APPEARS_TO_BE_A_LIST_OF_RELATIONSHIPS_OR_PREDICATES_EXTRACTED_FROM_A_TEXT_LIKELY_RELATED_TO_AGRICULTURE_OR_GARDENING
0,SHAPED_BY,1,PLANTED_IN,PLANTED_IN,THIS_APPEARS_TO_BE_A_LIST_OF_RELATIONSHIPS_OR_PREDICATES_EXTRACTED_FROM_A_TEXT_LIKELY_RELATED_TO_AGRICULTURE_OR_GARDENING
0,IS_SHAPED_INTO_FORMATION,1,PLANTED_IN,PLANTED_IN,THIS_APPEARS_TO_BE_A_LIST_OF_RELATIONSHIPS_OR_PREDICATES_EXTRACTED_FROM_A_TEXT_LIKELY_RELATED_TO_AGRICULTURE_OR_GARDENING
0,SHOULD_NOT_BE_OVER_WATERED,1,PLANTED_IN,PLANTED_IN,THIS_APPEARS_TO_BE_A_LIST_OF_RELATIONSHIPS_OR_PREDICATES_EXTRACTED_FROM_A_TEXT_LIKELY_RELATED_TO_AGRICULTURE_OR_GARDENING
0,SLIDE_AGAINST,1,PLANTED_IN,PLANTED_IN,THIS_APPEARS_TO_BE_A_LIST_OF_RELATIONSHIPS_OR_PREDICATES_EXTRACTED_FROM_A_TEXT_LIKELY_RELATED_TO_AGRICULTURE_OR_GARDENING
0,SLOPED_TO_SOUTH,1,PLANTED_IN,PLANTED_IN,THIS_APPEARS_TO_BE_A_LIST_OF_RELATIONSHIPS_OR_PREDICATES_EXTRACTED_FROM_A_TEXT_LIKELY_RELATED_TO_AGRICULTURE_OR_GARDENING
0,SLOPES_TOWARDS_DIRECTION_OF,1,PLANTED_IN,PLANTED_IN,THIS_APPEARS_TO_BE_A_LIST_OF_RELATIONSHIPS_OR_PREDICATES_EXTRACTED_FROM_A_TEXT_LIKELY_RELATED_TO_AGRICULTURE_OR_GARDENING
0,SOIL_CONDITION,1,PLANTED_IN,PLANTED_IN,THIS_APPEARS_TO_BE_A_LIST_OF_RELATIONSHIPS_OR_PREDICATES_EXTRACTED_FROM_A_TEXT_LIKELY_RELATED_TO_AGRICULTURE_OR_GARDENING
0,SOIL_CONDITION_CHOSEN_FOR_PLANTING,1,PLANTED_IN,PLANTED_IN,THIS_APPEARS_TO_BE_A_LIST_OF_RELATIONSHIPS_OR_PREDICATES_EXTRACTED_FROM_A_TEXT_LIKELY_RELATED_TO_AGRICULTURE_OR_GARDENING
0,SOIL_CONDITION_IMPACTS_PLANT,1,PLANTED_IN,PLANTED_IN,THIS_APPEARS_TO_BE_A_LIST_OF_RELATIONSHIPS_OR_PREDICATES_EXTRACTED_FROM_A_TEXT_LIKELY_RELATED_TO_AGRICULTURE_OR_GARDENING
0,SOIL_IMPROVED_BY_PLOUGHING,1,PLANTED_IN,PLANTED_IN,THIS_APPEARS_TO_BE_A_LIST_OF_RELATIONSHIPS_OR_PREDICATES_EXTRACTED_FROM_A_TEXT_LIKELY_RELATED_TO_AGRICULTURE_OR_GARDENING
0,SOIL_IMPROVED_WITH,1,PLANTED_IN,PLANTED_IN,THIS_APPEARS_TO_BE_A_LIST_OF_RELATIONSHIPS_OR_PREDICATES_EXTRACTED_FROM_A_TEXT_LIKELY_RELATED_TO_AGRICULTURE_OR_GARDENING
0,SOIL_REQUIREMENT_CONDITION,1,PLANTED_IN,PLANTED_IN,THIS_APPEARS_TO_BE_A_LIST_OF_RELATIONSHIPS_OR_PREDICATES_EXTRACTED_FROM_A_TEXT_LIKELY_RELATED_TO_AGRICULTURE_OR_GARDENING
0,SOIL_TYPE_AFFECTED_BY,1,PLANTED_IN,PLANTED_IN,THIS_APPEARS_TO_BE_A_LIST_OF_RELATIONSHIPS_OR_PREDICATES_EXTRACTED_FROM_A_TEXT_LIKELY_RELATED_TO_AGRICULTURE_OR_GARDENING
0,SOIL_TYPE_ASSOCIATED_WITH_CROP,1,PLANTED_IN,PLANTED_IN,THIS_APPEARS_TO_BE_A_LIST_OF_RELATIONSHIPS_OR_PREDICATES_EXTRACTED_FROM_A_TEXT_LIKELY_RELATED_TO_AGRICULTURE_OR_GARDENING
0,SOIL_TYPE_IMPACT_ON_CROP,1,PLANTED_IN,PLANTED_IN,THIS_APPEARS_TO_BE_A_LIST_OF_RELATIONSHIPS_OR_PREDICATES_EXTRACTED_FROM_A_TEXT_LIKELY_RELATED_TO_AGRICULTURE_OR_GARDENING
0,SOLD_AT_SAME_TIME_AS,1,PLANTED_IN,PLANTED_IN,THIS_APPEARS_TO_BE_A_LIST_OF_RELATIONSHIPS_OR_PREDICATES_EXTRACTED_FROM_A_TEXT_LIKELY_RELATED_TO_AGRICULTURE_OR_GARDENING
0,CAN_BE_SOLD_FROM,1,PLANTED_IN,PLANTED_IN,THIS_APPEARS_TO_BE_A_LIST_OF_RELATIONSHIPS_OR_PREDICATES_EXTRACTED_FROM_A_TEXT_LIKELY_RELATED_TO_AGRICULTURE_OR_GARDENING
0,SOWED_AT_DATE_FOR_PRODUCTION,1,PLANTED_IN,PLANTED_IN,THIS_APPEARS_TO_BE_A_LIST_OF_RELATIONSHIPS_OR_PREDICATES_EXTRACTED_FROM_A_TEXT_LIKELY_RELATED_TO_AGRICULTURE_OR_GARDENING
0,SOWED_ON,1,PLANTED_IN,PLANTED_IN,THIS_APPEARS_TO_BE_A_LIST_OF_RELATIONSHIPS_OR_PREDICATES_EXTRACTED_FROM_A_TEXT_LIKELY_RELATED_TO_AGRICULTURE_OR_GARDENING
0,SOWING_DATE,1,PLANTED_IN,PLANTED_IN,THIS_APPEARS_TO_BE_A_LIST_OF_RELATIONSHIPS_OR_PREDICATES_EXTRACTED_FROM_A_TEXT_LIKELY_RELATED_TO_AGRICULTURE_OR_GARDENING
0,IS_SOWN_AND_PLANTED_THROUGHOUT,1,PLANTED_IN,PLANTED_IN,THIS_APPEARS_TO_BE_A_LIST_OF_RELATIONSHIPS_OR_PREDICATES_EXTRACTED_FROM_A_TEXT_LIKELY_RELATED_TO_AGRICULTURE_OR_GARDENING
0,SOWN_AT_TIME_OF_YEAR,1,PLANTED_IN,PLANTED_IN,THIS_APPEARS_TO_BE_A_LIST_OF_RELATIONSHIPS_OR_PREDICATES_EXTRACTED_FROM_A_TEXT_LIKELY_RELATED_TO_AGRICULTURE_OR_GARDENING
0,SOWN_FOR AUTUMN_HARVEST,1,PLANTED_IN,PLANTED_IN,THIS_APPEARS_TO_BE_A_LIST_OF_RELATIONSHIPS_OR_PREDICATES_EXTRACTED_FROM_A_TEXT_LIKELY_RELATED_TO_AGRICULTURE_OR_GARDENING
0,SOWN_IN_DECEMBER,1,PLANTED_IN,PLANTED_IN,THIS_APPEARS_TO_BE_A_LIST_OF_RELATIONSHIPS_OR_PREDICATES_EXTRACTED_FROM_A_TEXT_LIKELY_RELATED_TO_AGRICULTURE_OR_GARDENING
0,SOWN_IN_MONTHS,1,PLANTED_IN,PLANTED_IN,THIS_APPEARS_TO_BE_A_LIST_OF_RELATIONSHIPS_OR_PREDICATES_EXTRACTED_FROM_A_TEXT_LIKELY_RELATED_TO_AGRICULTURE_OR_GARDENING
0,SOWN_IN_SEASON_OF,1,PLANTED_IN,PLANTED_IN,THIS_APPEARS_TO_BE_A_LIST_OF_RELATIONSHIPS_OR_PREDICATES_EXTRACTED_FROM_A_TEXT_LIKELY_RELATED_TO_AGRICULTURE_OR_GARDENING
0,SOWN_IN_SOIL_LAYER,1,PLANTED_IN,PLANTED_IN,THIS_APPEARS_TO_BE_A_LIST_OF_RELATIONSHIPS_OR_PREDICATES_EXTRACTED_FROM_A_TEXT_LIKELY_RELATED_TO_AGRICULTURE_OR_GARDENING
0,SOWN_ON,1,PLANTED_IN,PLANTED_IN,THIS_APPEARS_TO_BE_A_LIST_OF_RELATIONSHIPS_OR_PREDICATES_EXTRACTED_FROM_A_TEXT_LIKELY_RELATED_TO_AGRICULTURE_OR_GARDENING
0,SOWN_WITH,1,PLANTED_IN,PLANTED_IN,THIS_APPEARS_TO_BE_A_LIST_OF_RELATIONSHIPS_OR_PREDICATES_EXTRACTED_FROM_A_TEXT_LIKELY_RELATED_TO_AGRICULTURE_OR_GARDENING
0,SPACED_AT,1,PLANTED_IN,PLANTED_IN,THIS_APPEARS_TO_BE_A_LIST_OF_RELATIONSHIPS_OR_PREDICATES_EXTRACTED_FROM_A_TEXT_LIKELY_RELATED_TO_AGRICULTURE_OR_GARDENING
0,SPACED_BY_DISTANCE,1,PLANTED_IN,PLANTED_IN,THIS_APPEARS_TO_BE_A_LIST_OF_RELATIONSHIPS_OR_PREDICATES_EXTRACTED_FROM_A_TEXT_LIKELY_RELATED_TO_AGRICULTURE_OR_GARDENING
0,SPACED_WITH,1,PLANTED_IN,PLANTED_IN,THIS_APPEARS_TO_BE_A_LIST_OF_RELATIONSHIPS_OR_PREDICATES_EXTRACTED_FROM_A_TEXT_LIKELY_RELATED_TO_AGRICULTURE_OR_GARDENING
0,SPACED_WITHIN,1,PLANTED_IN,PLANTED_IN,THIS_APPEARS_TO_BE_A_LIST_OF_RELATIONSHIPS_OR_PREDICATES_EXTRACTED_FROM_A_TEXT_LIKELY_RELATED_TO_AGRICULTURE_OR_GARDENING
0,SPACING_DISTANCE,1,PLANTED_IN,PLANTED_IN,THIS_APPEARS_TO_BE_A_LIST_OF_RELATIONSHIPS_OR_PREDICATES_EXTRACTED_FROM_A_TEXT_LIKELY_RELATED_TO_AGRICULTURE_OR_GARDENING
0,SPECIFIC_TO_REGION,1,PLANTED_IN,PLANTED_IN,THIS_APPEARS_TO_BE_A_LIST_OF_RELATIONSHIPS_OR_PREDICATES_EXTRACTED_FROM_A_TEXT_LIKELY_RELATED_TO_AGRICULTURE_OR_GARDENING
0,SPLIT_INTO,1,PLANTED_IN,PLANTED_IN,THIS_APPEARS_TO_BE_A_LIST_OF_RELATIONSHIPS_OR_PREDICATES_EXTRACTED_FROM_A_TEXT_LIKELY_RELATED_TO_AGRICULTURE_OR_GARDENING
0,SPREAD_ON_THE_BED,1,PLANTED_IN,PLANTED_IN,THIS_APPEARS_TO_BE_A_LIST_OF_RELATIONSHIPS_OR_PREDICATES_EXTRACTED_FROM_A_TEXT_LIKELY_RELATED_TO_AGRICULTURE_OR_GARDENING
0,SPREAD_OVER,1,PLANTED_IN,PLANTED_IN,THIS_APPEARS_TO_BE_A_LIST_OF_RELATIONSHIPS_OR_PREDICATES_EXTRACTED_FROM_A_TEXT_LIKELY_RELATED_TO_AGRICULTURE_OR_GARDENING
0,SPRING_ASSOCIATED_EVENTS,1,PLANTED_IN,PLANTED_IN,THIS_APPEARS_TO_BE_A_LIST_OF_RELATIONSHIPS_OR_PREDICATES_EXTRACTED_FROM_A_TEXT_LIKELY_RELATED_TO_AGRICULTURE_OR_GARDENING
0,SPRING_CHERVIL_CULTIVATED_WITH,1,PLANTED_IN,PLANTED_IN,THIS_APPEARS_TO_BE_A_LIST_OF_RELATIONSHIPS_OR_PREDICATES_EXTRACTED_FROM_A_TEXT_LIKELY_RELATED_TO_AGRICULTURE_OR_GARDENING
0,SPRINKLED_WITH,1,PLANTED_IN,PLANTED_IN,THIS_APPEARS_TO_BE_A_LIST_OF_RELATIONSHIPS_OR_PREDICATES_EXTRACTED_FROM_A_TEXT_LIKELY_RELATED_TO_AGRICULTURE_OR_GARDENING
0,SPROUTED_AFTER_DAYS,1,PLANTED_IN,PLANTED_IN,THIS_APPEARS_TO_BE_A_LIST_OF_RELATIONSHIPS_OR_PREDICATES_EXTRACTED_FROM_A_TEXT_LIKELY_RELATED_TO_AGRICULTURE_OR_GARDENING
0,SPROUTS_FROM,1,PLANTED_IN,PLANTED_IN,THIS_APPEARS_TO_BE_A_LIST_OF_RELATIONSHIPS_OR_PREDICATES_EXTRACTED_FROM_A_TEXT_LIKELY_RELATED_TO_AGRICULTURE_OR_GARDENING
0,SPROUTS_IN,1,PLANTED_IN,PLANTED_IN,THIS_APPEARS_TO_BE_A_LIST_OF_RELATIONSHIPS_OR_PREDICATES_EXTRACTED_FROM_A_TEXT_LIKELY_RELATED_TO_AGRICULTURE_OR_GARDENING
0,STAKES_USED_TO_SUPPORT_STRUCTURES_IN_MARSHY_AREA,1,PLANTED_IN,PLANTED_IN,THIS_APPEARS_TO_BE_A_LIST_OF_RELATIONSHIPS_OR_PREDICATES_EXTRACTED_FROM_A_TEXT_LIKELY_RELATED_TO_AGRICULTURE_OR_GARDENING
0,STARTS_PRODUCING_AFTER,1,PLANTED_IN,PLANTED_IN,THIS_APPEARS_TO_BE_A_LIST_OF_RELATIONSHIPS_OR_PREDICATES_EXTRACTED_FROM_A_TEXT_LIKELY_RELATED_TO_AGRICULTURE_OR_GARDENING
0,STEAM_CONTAINS_SOMETHING_HARMFUL,1,PLANTED_IN,PLANTED_IN,THIS_APPEARS_TO_BE_A_LIST_OF_RELATIONSHIPS_OR_PREDICATES_EXTRACTED_FROM_A_TEXT_LIKELY_RELATED_TO_AGRICULTURE_OR_GARDENING
0,STIRRED_BY,1,PLANTED_IN,PLANTED_IN,THIS_APPEARS_TO_BE_A_LIST_OF_RELATIONSHIPS_OR_PREDICATES_EXTRACTED_FROM_A_TEXT_LIKELY_RELATED_TO_AGRICULTURE_OR_GARDENING
0,STONED_WITH,1,PLANTED_IN,PLANTED_IN,THIS_APPEARS_TO_BE_A_LIST_OF_RELATIONSHIPS_OR_PREDICATES_EXTRACTED_FROM_A_TEXT_LIKELY_RELATED_TO_AGRICULTURE_OR_GARDENING
0,STORED_OVER_WINTER,1,PLANTED_IN,PLANTED_IN,THIS_APPEARS_TO_BE_A_LIST_OF_RELATIONSHIPS_OR_PREDICATES_EXTRACTED_FROM_A_TEXT_LIKELY_RELATED_TO_AGRICULTURE_OR_GARDENING
0,STRAW_MAT_USED_TO_PROTECT,1,PLANTED_IN,PLANTED_IN,THIS_APPEARS_TO_BE_A_LIST_OF_RELATIONSHIPS_OR_PREDICATES_EXTRACTED_FROM_A_TEXT_LIKELY_RELATED_TO_AGRICULTURE_OR_GARDENING
0,STRAW_PLUGS_ARE_USED_WITH_PEAS,1,PLANTED_IN,PLANTED_IN,THIS_APPEARS_TO_BE_A_LIST_OF_RELATIONSHIPS_OR_PREDICATES_EXTRACTED_FROM_A_TEXT_LIKELY_RELATED_TO_AGRICULTURE_OR_GARDENING
0,STRENGTHENED_OVER,1,PLANTED_IN,PLANTED_IN,THIS_APPEARS_TO_BE_A_LIST_OF_RELATIONSHIPS_OR_PREDICATES_EXTRACTED_FROM_A_TEXT_LIKELY_RELATED_TO_AGRICULTURE_OR_GARDENING
0,STRUCTURE_LOCATION,1,PLANTED_IN,PLANTED_IN,THIS_APPEARS_TO_BE_A_LIST_OF_RELATIONSHIPS_OR_PREDICATES_EXTRACTED_FROM_A_TEXT_LIKELY_RELATED_TO_AGRICULTURE_OR_GARDENING
0,ARE_STUFFED_AND_RELINED_IN,1,PLANTED_IN,PLANTED_IN,THIS_APPEARS_TO_BE_A_LIST_OF_RELATIONSHIPS_OR_PREDICATES_EXTRACTED_FROM_A_TEXT_LIKELY_RELATED_TO_AGRICULTURE_OR_GARDENING
0,SUBJECT_TO,1,PLANTED_IN,PLANTED_IN,THIS_APPEARS_TO_BE_A_LIST_OF_RELATIONSHIPS_OR_PREDICATES_EXTRACTED_FROM_A_TEXT_LIKELY_RELATED_TO_AGRICULTURE_OR_GARDENING
0,SUFFERED_FROM_CONDITION,1,PLANTED_IN,PLANTED_IN,THIS_APPEARS_TO_BE_A_LIST_OF_RELATIONSHIPS_OR_PREDICATES_EXTRACTED_FROM_A_TEXT_LIKELY_RELATED_TO_AGRICULTURE_OR_GARDENING
0,SUMMER_CROP,1,PLANTED_IN,PLANTED_IN,THIS_APPEARS_TO_BE_A_LIST_OF_RELATIONSHIPS_OR_PREDICATES_EXTRACTED_FROM_A_TEXT_LIKELY_RELATED_TO_AGRICULTURE_OR_GARDENING
0,-is_superior_to-relationship,1,PLANTED_IN,PLANTED_IN,THIS_APPEARS_TO_BE_A_LIST_OF_RELATIONSHIPS_OR_PREDICATES_EXTRACTED_FROM_A_TEXT_LIKELY_RELATED_TO_AGRICULTURE_OR_GARDENING
0,SUPPORTED_BY_TOOLS_AND_EQUIPMENT,1,PLANTED_IN,PLANTED_IN,THIS_APPEARS_TO_BE_A_LIST_OF_RELATIONSHIPS_OR_PREDICATES_EXTRACTED_FROM_A_TEXT_LIKELY_RELATED_TO_AGRICULTURE_OR_GARDENING
0,SURROUNDED_BY,1,PLANTED_IN,PLANTED_IN,THIS_APPEARS_TO_BE_A_LIST_OF_RELATIONSHIPS_OR_PREDICATES_EXTRACTED_FROM_A_TEXT_LIKELY_RELATED_TO_AGRICULTURE_OR_GARDENING
0,TAKES_TIME_TO_BECOME_FERTILE_AND_EASY_TO_CULTIVATE,1,PLANTED_IN,PLANTED_IN,THIS_APPEARS_TO_BE_A_LIST_OF_RELATIONSHIPS_OR_PREDICATES_EXTRACTED_FROM_A_TEXT_LIKELY_RELATED_TO_AGRICULTURE_OR_GARDENING
0,THINNING_METHOD,1,PLANTED_IN,PLANTED_IN,THIS_APPEARS_TO_BE_A_LIST_OF_RELATIONSHIPS_OR_PREDICATES_EXTRACTED_FROM_A_TEXT_LIKELY_RELATED_TO_AGRICULTURE_OR_GARDENING
0,TIED_TO,1,PLANTED_IN,PLANTED_IN,THIS_APPEARS_TO_BE_A_LIST_OF_RELATIONSHIPS_OR_PREDICATES_EXTRACTED_FROM_A_TEXT_LIKELY_RELATED_TO_AGRICULTURE_OR_GARDENING
0,TIME_PERIOD_ASSOCIATION,1,PLANTED_IN,PLANTED_IN,THIS_APPEARS_TO_BE_A_LIST_OF_RELATIONSHIPS_OR_PREDICATES_EXTRACTED_FROM_A_TEXT_LIKELY_RELATED_TO_AGRICULTURE_OR_GARDENING
0,TIME_OF_PLANTING,1,PLANTED_IN,PLANTED_IN,THIS_APPEARS_TO_BE_A_LIST_OF_RELATIONSHIPS_OR_PREDICATES_EXTRACTED_FROM_A_TEXT_LIKELY_RELATED_TO_AGRICULTURE_OR_GARDENING
0,TIME_OF_TRANSPLANT,1,PLANTED_IN,PLANTED_IN,THIS_APPEARS_TO_BE_A_LIST_OF_RELATIONSHIPS_OR_PREDICATES_EXTRACTED_FROM_A_TEXT_LIKELY_RELATED_TO_AGRICULTURE_OR_GARDENING
0,TOOL_USED_FOR_PLANTING,1,PLANTED_IN,PLANTED_IN,THIS_APPEARS_TO_BE_A_LIST_OF_RELATIONSHIPS_OR_PREDICATES_EXTRACTED_FROM_A_TEXT_LIKELY_RELATED_TO_AGRICULTURE_OR_GARDENING
0,TOOL_USED_FOR_THINNING,1,PLANTED_IN,PLANTED_IN,THIS_APPEARS_TO_BE_A_LIST_OF_RELATIONSHIPS_OR_PREDICATES_EXTRACTED_FROM_A_TEXT_LIKELY_RELATED_TO_AGRICULTURE_OR_GARDENING
0,TOPPED_DURING,1,PLANTED_IN,PLANTED_IN,THIS_APPEARS_TO_BE_A_LIST_OF_RELATIONSHIPS_OR_PREDICATES_EXTRACTED_FROM_A_TEXT_LIKELY_RELATED_TO_AGRICULTURE_OR_GARDENING
0,TOPPED_OFF,1,PLANTED_IN,PLANTED_IN,THIS_APPEARS_TO_BE_A_LIST_OF_RELATIONSHIPS_OR_PREDICATES_EXTRACTED_FROM_A_TEXT_LIKELY_RELATED_TO_AGRICULTURE_OR_GARDENING
0,TRANSFERRED_TO,1,PLANTED_IN,PLANTED_IN,THIS_APPEARS_TO_BE_A_LIST_OF_RELATIONSHIPS_OR_PREDICATES_EXTRACTED_FROM_A_TEXT_LIKELY_RELATED_TO_AGRICULTURE_OR_GARDENING
0,TRANSLANTED_TWICE,1,PLANTED_IN,PLANTED_IN,THIS_APPEARS_TO_BE_A_LIST_OF_RELATIONSHIPS_OR_PREDICATES_EXTRACTED_FROM_A_TEXT_LIKELY_RELATED_TO_AGRICULTURE_OR_GARDENING
0,TRANSPLANTED_AFTER,1,PLANTED_IN,PLANTED_IN,THIS_APPEARS_TO_BE_A_LIST_OF_RELATIONSHIPS_OR_PREDICATES_EXTRACTED_FROM_A_TEXT_LIKELY_RELATED_TO_AGRICULTURE_OR_GARDENING
0,ARE_TRANSPLANTED_INTO_BOXES,1,PLANTED_IN,PLANTED_IN,THIS_APPEARS_TO_BE_A_LIST_OF_RELATIONSHIPS_OR_PREDICATES_EXTRACTED_FROM_A_TEXT_LIKELY_RELATED_TO_AGRICULTURE_OR_GARDENING
0,TRANSPLANTED_UNDER,1,PLANTED_IN,PLANTED_IN,THIS_APPEARS_TO_BE_A_LIST_OF_RELATIONSHIPS_OR_PREDICATES_EXTRACTED_FROM_A_TEXT_LIKELY_RELATED_TO_AGRICULTURE_OR_GARDENING
0,TRANSPLANTED_WITH_SEEDLING,1,PLANTED_IN,PLANTED_IN,THIS_APPEARS_TO_BE_A_LIST_OF_RELATIONSHIPS_OR_PREDICATES_EXTRACTED_FROM_A_TEXT_LIKELY_RELATED_TO_AGRICULTURE_OR_GARDENING
0,TRANSPLANTED_WITH_TOOL,1,PLANTED_IN,PLANTED_IN,THIS_APPEARS_TO_BE_A_LIST_OF_RELATIONSHIPS_OR_PREDICATES_EXTRACTED_FROM_A_TEXT_LIKELY_RELATED_TO_AGRICULTURE_OR_GARDENING
0,TRANSPLANTING_PRACTICE,1,PLANTED_IN,PLANTED_IN,THIS_APPEARS_TO_BE_A_LIST_OF_RELATIONSHIPS_OR_PREDICATES_EXTRACTED_FROM_A_TEXT_LIKELY_RELATED_TO_AGRICULTURE_OR_GARDENING
0,TRANSPORTED_BY,1,PLANTED_IN,PLANTED_IN,THIS_APPEARS_TO_BE_A_LIST_OF_RELATIONSHIPS_OR_PREDICATES_EXTRACTED_FROM_A_TEXT_LIKELY_RELATED_TO_AGRICULTURE_OR_GARDENING
0,TRANSPORTED_OR_PLANTED_IN,1,PLANTED_IN,PLANTED_IN,THIS_APPEARS_TO_BE_A_LIST_OF_RELATIONSHIPS_OR_PREDICATES_EXTRACTED_FROM_A_TEXT_LIKELY_RELATED_TO_AGRICULTURE_OR_GARDENING
0,TREATED_UNDER_CONDITIONS,1,PLANTED_IN,PLANTED_IN,THIS_APPEARS_TO_BE_A_LIST_OF_RELATIONSHIPS_OR_PREDICATES_EXTRACTED_FROM_A_TEXT_LIKELY_RELATED_TO_AGRICULTURE_OR_GARDENING
0,TREATED_WITH_IRRIGATION_METHOD,1,PLANTED_IN,PLANTED_IN,THIS_APPEARS_TO_BE_A_LIST_OF_RELATIONSHIPS_OR_PREDICATES_EXTRACTED_FROM_A_TEXT_LIKELY_RELATED_TO_AGRICULTURE_OR_GARDENING
0,TREATED_WITH_POTTING_SOIL,1,PLANTED_IN,PLANTED_IN,THIS_APPEARS_TO_BE_A_LIST_OF_RELATIONSHIPS_OR_PREDICATES_EXTRACTED_FROM_A_TEXT_LIKELY_RELATED_TO_AGRICULTURE_OR_GARDENING
0,TREATED_WITH_PROTECTION_FROM,1,PLANTED_IN,PLANTED_IN,THIS_APPEARS_TO_BE_A_LIST_OF_RELATIONSHIPS_OR_PREDICATES_EXTRACTED_FROM_A_TEXT_LIKELY_RELATED_TO_AGRICULTURE_OR_GARDENING
0,TREATED_WITH_THERMOSIPHON_DEVICE,1,PLANTED_IN,PLANTED_IN,THIS_APPEARS_TO_BE_A_LIST_OF_RELATIONSHIPS_OR_PREDICATES_EXTRACTED_FROM_A_TEXT_LIKELY_RELATED_TO_AGRICULTURE_OR_GARDENING
0,TREATED_WITH_WATER_TYPE,1,PLANTED_IN,PLANTED_IN,THIS_APPEARS_TO_BE_A_LIST_OF_RELATIONSHIPS_OR_PREDICATES_EXTRACTED_FROM_A_TEXT_LIKELY_RELATED_TO_AGRICULTURE_OR_GARDENING
0,TRENCH_BEDDED_WITH,1,PLANTED_IN,PLANTED_IN,THIS_APPEARS_TO_BE_A_LIST_OF_RELATIONSHIPS_OR_PREDICATES_EXTRACTED_FROM_A_TEXT_LIKELY_RELATED_TO_AGRICULTURE_OR_GARDENING
0,TRIGGERED_IN_CONDITIONS,1,PLANTED_IN,PLANTED_IN,THIS_APPEARS_TO_BE_A_LIST_OF_RELATIONSHIPS_OR_PREDICATES_EXTRACTED_FROM_A_TEXT_LIKELY_RELATED_TO_AGRICULTURE_OR_GARDENING
0,TURNED_OVER,1,PLANTED_IN,PLANTED_IN,THIS_APPEARS_TO_BE_A_LIST_OF_RELATIONSHIPS_OR_PREDICATES_EXTRACTED_FROM_A_TEXT_LIKELY_RELATED_TO_AGRICULTURE_OR_GARDENING
0,TURNS_THE,1,PLANTED_IN,PLANTED_IN,THIS_APPEARS_TO_BE_A_LIST_OF_RELATIONSHIPS_OR_PREDICATES_EXTRACTED_FROM_A_TEXT_LIKELY_RELATED_TO_AGRICULTURE_OR_GARDENING
0,UNAFFECTED_BY,1,PLANTED_IN,PLANTED_IN,THIS_APPEARS_TO_BE_A_LIST_OF_RELATIONSHIPS_OR_PREDICATES_EXTRACTED_FROM_A_TEXT_LIKELY_RELATED_TO_AGRICULTURE_OR_GARDENING
0,UNDERGOES_PROCESS,1,PLANTED_IN,PLANTED_IN,THIS_APPEARS_TO_BE_A_LIST_OF_RELATIONSHIPS_OR_PREDICATES_EXTRACTED_FROM_A_TEXT_LIKELY_RELATED_TO_AGRICULTURE_OR_GARDENING
0,UNSUITABLE_FOR_GROWING,1,PLANTED_IN,PLANTED_IN,THIS_APPEARS_TO_BE_A_LIST_OF_RELATIONSHIPS_OR_PREDICATES_EXTRACTED_FROM_A_TEXT_LIKELY_RELATED_TO_AGRICULTURE_OR_GARDENING
0,URINE_AFFECTS,1,PLANTED_IN,PLANTED_IN,THIS_APPEARS_TO_BE_A_LIST_OF_RELATIONSHIPS_OR_PREDICATES_EXTRACTED_FROM_A_TEXT_LIKELY_RELATED_TO_AGRICULTURE_OR_GARDENING
0,USE_EQUIPMENT_FOR_CROP_MANAGEMENT,1,PLANTED_IN,PLANTED_IN,THIS_APPEARS_TO_BE_A_LIST_OF_RELATIONSHIPS_OR_PREDICATES_EXTRACTED_FROM_A_TEXT_LIKELY_RELATED_TO_AGRICULTURE_OR_GARDENING
0,USED_AS,1,PLANTED_IN,PLANTED_IN,THIS_APPEARS_TO_BE_A_LIST_OF_RELATIONSHIPS_OR_PREDICATES_EXTRACTED_FROM_A_TEXT_LIKELY_RELATED_TO_AGRICULTURE_OR_GARDENING
0,USED_AS_CONDIMENT_IN,1,PLANTED_IN,PLANTED_IN,THIS_APPEARS_TO_BE_A_LIST_OF_RELATIONSHIPS_OR_PREDICATES_EXTRACTED_FROM_A_TEXT_LIKELY_RELATED_TO_AGRICULTURE_OR_GARDENING
0,USED_AS_EQUIPMENT_IN_CULTIVATION,1,PLANTED_IN,PLANTED_IN,THIS_APPEARS_TO_BE_A_LIST_OF_RELATIONSHIPS_OR_PREDICATES_EXTRACTED_FROM_A_TEXT_LIKELY_RELATED_TO_AGRICULTURE_OR_GARDENING
0,USED_AS_MATERIAL_FOR,1,PLANTED_IN,PLANTED_IN,THIS_APPEARS_TO_BE_A_LIST_OF_RELATIONSHIPS_OR_PREDICATES_EXTRACTED_FROM_A_TEXT_LIKELY_RELATED_TO_AGRICULTURE_OR_GARDENING
0,USED_BEFORE,1,PLANTED_IN,PLANTED_IN,THIS_APPEARS_TO_BE_A_LIST_OF_RELATIONSHIPS_OR_PREDICATES_EXTRACTED_FROM_A_TEXT_LIKELY_RELATED_TO_AGRICULTURE_OR_GARDENING
0,USED_DURING,1,PLANTED_IN,PLANTED_IN,THIS_APPEARS_TO_BE_A_LIST_OF_RELATIONSHIPS_OR_PREDICATES_EXTRACTED_FROM_A_TEXT_LIKELY_RELATED_TO_AGRICULTURE_OR_GARDENING
0,USED_FOR_BEATING,1,PLANTED_IN,PLANTED_IN,THIS_APPEARS_TO_BE_A_LIST_OF_RELATIONSHIPS_OR_PREDICATES_EXTRACTED_FROM_A_TEXT_LIKELY_RELATED_TO_AGRICULTURE_OR_GARDENING
0,USED_FOR_COOKING,1,PLANTED_IN,PLANTED_IN,THIS_APPEARS_TO_BE_A_LIST_OF_RELATIONSHIPS_OR_PREDICATES_EXTRACTED_FROM_A_TEXT_LIKELY_RELATED_TO_AGRICULTURE_OR_GARDENING
0,USED_FOR_CUTTING,1,PLANTED_IN,PLANTED_IN,THIS_APPEARS_TO_BE_A_LIST_OF_RELATIONSHIPS_OR_PREDICATES_EXTRACTED_FROM_A_TEXT_LIKELY_RELATED_TO_AGRICULTURE_OR_GARDENING
0,USED_FOR_PLANTING,1,PLANTED_IN,PLANTED_IN,THIS_APPEARS_TO_BE_A_LIST_OF_RELATIONSHIPS_OR_PREDICATES_EXTRACTED_FROM_A_TEXT_LIKELY_RELATED_TO_AGRICULTURE_OR_GARDENING
0,USED_FOR_TRANSPORTATION,1,PLANTED_IN,PLANTED_IN,THIS_APPEARS_TO_BE_A_LIST_OF_RELATIONSHIPS_OR_PREDICATES_EXTRACTED_FROM_A_TEXT_LIKELY_RELATED_TO_AGRICULTURE_OR_GARDENING
0,USED_FOR_TYING,1,PLANTED_IN,PLANTED_IN,THIS_APPEARS_TO_BE_A_LIST_OF_RELATIONSHIPS_OR_PREDICATES_EXTRACTED_FROM_A_TEXT_LIKELY_RELATED_TO_AGRICULTURE_OR_GARDENING
0,USED_IN_CONSTRUCTION_OF,1,PLANTED_IN,PLANTED_IN,THIS_APPEARS_TO_BE_A_LIST_OF_RELATIONSHIPS_OR_PREDICATES_EXTRACTED_FROM_A_TEXT_LIKELY_RELATED_TO_AGRICULTURE_OR_GARDENING
0,USED_IN_GROWTH_OF,1,PLANTED_IN,PLANTED_IN,THIS_APPEARS_TO_BE_A_LIST_OF_RELATIONSHIPS_OR_PREDICATES_EXTRACTED_FROM_A_TEXT_LIKELY_RELATED_TO_AGRICULTURE_OR_GARDENING
0,USED_IN_LAYER,1,PLANTED_IN,PLANTED_IN,THIS_APPEARS_TO_BE_A_LIST_OF_RELATIONSHIPS_OR_PREDICATES_EXTRACTED_FROM_A_TEXT_LIKELY_RELATED_TO_AGRICULTURE_OR_GARDENING
0,USED_IN_METHOD,1,PLANTED_IN,PLANTED_IN,THIS_APPEARS_TO_BE_A_LIST_OF_RELATIONSHIPS_OR_PREDICATES_EXTRACTED_FROM_A_TEXT_LIKELY_RELATED_TO_AGRICULTURE_OR_GARDENING
0,USED_IN_PLANTING,1,PLANTED_IN,PLANTED_IN,THIS_APPEARS_TO_BE_A_LIST_OF_RELATIONSHIPS_OR_PREDICATES_EXTRACTED_FROM_A_TEXT_LIKELY_RELATED_TO_AGRICULTURE_OR_GARDENING
0,USED_IN_PRACTICE,1,PLANTED_IN,PLANTED_IN,THIS_APPEARS_TO_BE_A_LIST_OF_RELATIONSHIPS_OR_PREDICATES_EXTRACTED_FROM_A_TEXT_LIKELY_RELATED_TO_AGRICULTURE_OR_GARDENING
0,USED_IN_SPECIFIC_AGRICULTURAL_PRACTICE,1,PLANTED_IN,PLANTED_IN,THIS_APPEARS_TO_BE_A_LIST_OF_RELATIONSHIPS_OR_PREDICATES_EXTRACTED_FROM_A_TEXT_LIKELY_RELATED_TO_AGRICULTURE_OR_GARDENING
0,USED_TO_GROW,1,PLANTED_IN,PLANTED_IN,THIS_APPEARS_TO_BE_A_LIST_OF_RELATIONSHIPS_OR_PREDICATES_EXTRACTED_FROM_A_TEXT_LIKELY_RELATED_TO_AGRICULTURE_OR_GARDENING
0,USED_TO_SEW,1,PLANTED_IN,PLANTED_IN,THIS_APPEARS_TO_BE_A_LIST_OF_RELATIONSHIPS_OR_PREDICATES_EXTRACTED_FROM_A_TEXT_LIKELY_RELATED_TO_AGRICULTURE_OR_GARDENING
0,USED_TO_WATER,1,PLANTED_IN,PLANTED_IN,THIS_APPEARS_TO_BE_A_LIST_OF_RELATIONSHIPS_OR_PREDICATES_EXTRACTED_FROM_A_TEXT_LIKELY_RELATED_TO_AGRICULTURE_OR_GARDENING
0,USED_WITH_PRACTICE,1,PLANTED_IN,PLANTED_IN,THIS_APPEARS_TO_BE_A_LIST_OF_RELATIONSHIPS_OR_PREDICATES_EXTRACTED_FROM_A_TEXT_LIKELY_RELATED_TO_AGRICULTURE_OR_GARDENING
0,IS_USEFUL_FOR,1,PLANTED_IN,PLANTED_IN,THIS_APPEARS_TO_BE_A_LIST_OF_RELATIONSHIPS_OR_PREDICATES_EXTRACTED_FROM_A_TEXT_LIKELY_RELATED_TO_AGRICULTURE_OR_GARDENING
0,USEFULNESS_OF,1,PLANTED_IN,PLANTED_IN,THIS_APPEARS_TO_BE_A_LIST_OF_RELATIONSHIPS_OR_PREDICATES_EXTRACTED_FROM_A_TEXT_LIKELY_RELATED_TO_AGRICULTURE_OR_GARDENING
0,USES_AS_FERTILIZER,1,PLANTED_IN,PLANTED_IN,THIS_APPEARS_TO_BE_A_LIST_OF_RELATIONSHIPS_OR_PREDICATES_EXTRACTED_FROM_A_TEXT_LIKELY_RELATED_TO_AGRICULTURE_OR_GARDENING
0,USES_DEVICE_FOR_HEATING,1,PLANTED_IN,PLANTED_IN,THIS_APPEARS_TO_BE_A_LIST_OF_RELATIONSHIPS_OR_PREDICATES_EXTRACTED_FROM_A_TEXT_LIKELY_RELATED_TO_AGRICULTURE_OR_GARDENING
0,USES_FOR_WORK,1,PLANTED_IN,PLANTED_IN,THIS_APPEARS_TO_BE_A_LIST_OF_RELATIONSHIPS_OR_PREDICATES_EXTRACTED_FROM_A_TEXT_LIKELY_RELATED_TO_AGRICULTURE_OR_GARDENING
0,USES_INPUT_FOR_CARE,1,PLANTED_IN,PLANTED_IN,THIS_APPEARS_TO_BE_A_LIST_OF_RELATIONSHIPS_OR_PREDICATES_EXTRACTED_FROM_A_TEXT_LIKELY_RELATED_TO_AGRICULTURE_OR_GARDENING
0,USES_MANURE_IN,1,PLANTED_IN,PLANTED_IN,THIS_APPEARS_TO_BE_A_LIST_OF_RELATIONSHIPS_OR_PREDICATES_EXTRACTED_FROM_A_TEXT_LIKELY_RELATED_TO_AGRICULTURE_OR_GARDENING
0,USES_TO_PERFORM_ACTION,1,PLANTED_IN,PLANTED_IN,THIS_APPEARS_TO_BE_A_LIST_OF_RELATIONSHIPS_OR_PREDICATES_EXTRACTED_FROM_A_TEXT_LIKELY_RELATED_TO_AGRICULTURE_OR_GARDENING
0,USES_TO_REMOVE,1,PLANTED_IN,PLANTED_IN,THIS_APPEARS_TO_BE_A_LIST_OF_RELATIONSHIPS_OR_PREDICATES_EXTRACTED_FROM_A_TEXT_LIKELY_RELATED_TO_AGRICULTURE_OR_GARDENING
0,USES_WATERING_METHOD,1,PLANTED_IN,PLANTED_IN,THIS_APPEARS_TO_BE_A_LIST_OF_RELATIONSHIPS_OR_PREDICATES_EXTRACTED_FROM_A_TEXT_LIKELY_RELATED_TO_AGRICULTURE_OR_GARDENING
0,VALUED_MORE_FOR,1,PLANTED_IN,PLANTED_IN,THIS_APPEARS_TO_BE_A_LIST_OF_RELATIONSHIPS_OR_PREDICATES_EXTRACTED_FROM_A_TEXT_LIKELY_RELATED_TO_AGRICULTURE_OR_GARDENING
0,VARIES_BY,1,PLANTED_IN,PLANTED_IN,THIS_APPEARS_TO_BE_A_LIST_OF_RELATIONSHIPS_OR_PREDICATES_EXTRACTED_FROM_A_TEXT_LIKELY_RELATED_TO_AGRICULTURE_OR_GARDENING
0,WAITED_UNTIL_PICKING_DATE,1,PLANTED_IN,PLANTED_IN,THIS_APPEARS_TO_BE_A_LIST_OF_RELATIONSHIPS_OR_PREDICATES_EXTRACTED_FROM_A_TEXT_LIKELY_RELATED_TO_AGRICULTURE_OR_GARDENING
0,WARMED_BY,1,PLANTED_IN,PLANTED_IN,THIS_APPEARS_TO_BE_A_LIST_OF_RELATIONSHIPS_OR_PREDICATES_EXTRACTED_FROM_A_TEXT_LIKELY_RELATED_TO_AGRICULTURE_OR_GARDENING
0,WATER_AMOUNT_APPLIED_AT_AREA_ON_DATE,1,PLANTED_IN,PLANTED_IN,THIS_APPEARS_TO_BE_A_LIST_OF_RELATIONSHIPS_OR_PREDICATES_EXTRACTED_FROM_A_TEXT_LIKELY_RELATED_TO_AGRICULTURE_OR_GARDENING
0,WATERCRESS_SORREL_RELATED_TO,1,PLANTED_IN,PLANTED_IN,THIS_APPEARS_TO_BE_A_LIST_OF_RELATIONSHIPS_OR_PREDICATES_EXTRACTED_FROM_A_TEXT_LIKELY_RELATED_TO_AGRICULTURE_OR_GARDENING
0,WATERED_AFTER_PLANTING,1,PLANTED_IN,PLANTED_IN,THIS_APPEARS_TO_BE_A_LIST_OF_RELATIONSHIPS_OR_PREDICATES_EXTRACTED_FROM_A_TEXT_LIKELY_RELATED_TO_AGRICULTURE_OR_GARDENING
0,WATERED_AGAINST,1,PLANTED_IN,PLANTED_IN,THIS_APPEARS_TO_BE_A_LIST_OF_RELATIONSHIPS_OR_PREDICATES_EXTRACTED_FROM_A_TEXT_LIKELY_RELATED_TO_AGRICULTURE_OR_GARDENING
0,WATERED_BEFORE_PLANTING,1,PLANTED_IN,PLANTED_IN,THIS_APPEARS_TO_BE_A_LIST_OF_RELATIONSHIPS_OR_PREDICATES_EXTRACTED_FROM_A_TEXT_LIKELY_RELATED_TO_AGRICULTURE_OR_GARDENING
0,WATERED_DURING,1,PLANTED_IN,PLANTED_IN,THIS_APPEARS_TO_BE_A_LIST_OF_RELATIONSHIPS_OR_PREDICATES_EXTRACTED_FROM_A_TEXT_LIKELY_RELATED_TO_AGRICULTURE_OR_GARDENING
0,WATERED_IN_LAYERS,1,PLANTED_IN,PLANTED_IN,THIS_APPEARS_TO_BE_A_LIST_OF_RELATIONSHIPS_OR_PREDICATES_EXTRACTED_FROM_A_TEXT_LIKELY_RELATED_TO_AGRICULTURE_OR_GARDENING
0,WATERED_MORE_OFTEN_THAN,1,PLANTED_IN,PLANTED_IN,THIS_APPEARS_TO_BE_A_LIST_OF_RELATIONSHIPS_OR_PREDICATES_EXTRACTED_FROM_A_TEXT_LIKELY_RELATED_TO_AGRICULTURE_OR_GARDENING
0,WATERED_ON,1,PLANTED_IN,PLANTED_IN,THIS_APPEARS_TO_BE_A_LIST_OF_RELATIONSHIPS_OR_PREDICATES_EXTRACTED_FROM_A_TEXT_LIKELY_RELATED_TO_AGRICULTURE_OR_GARDENING
0,WATERED_WITH_COLD_WATER_FROM_WELLS,1,PLANTED_IN,PLANTED_IN,THIS_APPEARS_TO_BE_A_LIST_OF_RELATIONSHIPS_OR_PREDICATES_EXTRACTED_FROM_A_TEXT_LIKELY_RELATED_TO_AGRICULTURE_OR_GARDENING
0,WATERING_ESSENTIAL_FOR_VEGETABLE_GROWTH,1,PLANTED_IN,PLANTED_IN,THIS_APPEARS_TO_BE_A_LIST_OF_RELATIONSHIPS_OR_PREDICATES_EXTRACTED_FROM_A_TEXT_LIKELY_RELATED_TO_AGRICULTURE_OR_GARDENING
0,WATERING_NECESSITY_DETERMINED_BY,1,PLANTED_IN,PLANTED_IN,THIS_APPEARS_TO_BE_A_LIST_OF_RELATIONSHIPS_OR_PREDICATES_EXTRACTED_FROM_A_TEXT_LIKELY_RELATED_TO_AGRICULTURE_OR_GARDENING
0,WATERING_PRACTICE,1,PLANTED_IN,PLANTED_IN,THIS_APPEARS_TO_BE_A_LIST_OF_RELATIONSHIPS_OR_PREDICATES_EXTRACTED_FROM_A_TEXT_LIKELY_RELATED_TO_AGRICULTURE_OR_GARDENING
0,WATERING_SCHEDULED,1,PLANTED_IN,PLANTED_IN,THIS_APPEARS_TO_BE_A_LIST_OF_RELATIONSHIPS_OR_PREDICATES_EXTRACTED_FROM_A_TEXT_LIKELY_RELATED_TO_AGRICULTURE_OR_GARDENING
0,WEATHER_IMPACT,1,PLANTED_IN,PLANTED_IN,THIS_APPEARS_TO_BE_A_LIST_OF_RELATIONSHIPS_OR_PREDICATES_EXTRACTED_FROM_A_TEXT_LIKELY_RELATED_TO_AGRICULTURE_OR_GARDENING
0,WEATHER_IMPACTS_CROPS,1,PLANTED_IN,PLANTED_IN,THIS_APPEARS_TO_BE_A_LIST_OF_RELATIONSHIPS_OR_PREDICATES_EXTRACTED_FROM_A_TEXT_LIKELY_RELATED_TO_AGRICULTURE_OR_GARDENING
0,WEDGES_HOLD_FRAMES_OPEN_DURING_DAY,1,PLANTED_IN,PLANTED_IN,THIS_APPEARS_TO_BE_A_LIST_OF_RELATIONSHIPS_OR_PREDICATES_EXTRACTED_FROM_A_TEXT_LIKELY_RELATED_TO_AGRICULTURE_OR_GARDENING
0,WEDGES_REMOVED_TO_REMOVE_FRAMES_AT_NIGHT,1,PLANTED_IN,PLANTED_IN,THIS_APPEARS_TO_BE_A_LIST_OF_RELATIONSHIPS_OR_PREDICATES_EXTRACTED_FROM_A_TEXT_LIKELY_RELATED_TO_AGRICULTURE_OR_GARDENING
0,WHITE_ASPARAGUS_CROP_OF_GREEN_ASPARAGUS,1,PLANTED_IN,PLANTED_IN,THIS_APPEARS_TO_BE_A_LIST_OF_RELATIONSHIPS_OR_PREDICATES_EXTRACTED_FROM_A_TEXT_LIKELY_RELATED_TO_AGRICULTURE_OR_GARDENING
0,IS_WIDE_ENOUGH_FOR,1,PLANTED_IN,PLANTED_IN,THIS_APPEARS_TO_BE_A_LIST_OF_RELATIONSHIPS_OR_PREDICATES_EXTRACTED_FROM_A_TEXT_LIKELY_RELATED_TO_AGRICULTURE_OR_GARDENING
0,WINTER_CHERVIL_HARVESTED_IN,1,PLANTED_IN,PLANTED_IN,THIS_APPEARS_TO_BE_A_LIST_OF_RELATIONSHIPS_OR_PREDICATES_EXTRACTED_FROM_A_TEXT_LIKELY_RELATED_TO_AGRICULTURE_OR_GARDENING
0,WINTER_CHERVIL_SOWN_IN,1,PLANTED_IN,PLANTED_IN,THIS_APPEARS_TO_BE_A_LIST_OF_RELATIONSHIPS_OR_PREDICATES_EXTRACTED_FROM_A_TEXT_LIKELY_RELATED_TO_AGRICULTURE_OR_GARDENING
0,WINTER_CHERVIL_WITHSTANDS,1,PLANTED_IN,PLANTED_IN,THIS_APPEARS_TO_BE_A_LIST_OF_RELATIONSHIPS_OR_PREDICATES_EXTRACTED_FROM_A_TEXT_LIKELY_RELATED_TO_AGRICULTURE_OR_GARDENING
0,WOODEN_WHEELBARROW_EQUIPPED_WITH_HANDLEBARS_AND_CROSSBARS_TO_TRANSPORT_MATERIALS,1,PLANTED_IN,PLANTED_IN,THIS_APPEARS_TO_BE_A_LIST_OF_RELATIONSHIPS_OR_PREDICATES_EXTRACTED_FROM_A_TEXT_LIKELY_RELATED_TO_AGRICULTURE_OR_GARDENING
0,IS_WORKED_ON_BY_TOOL,1,PLANTED_IN,PLANTED_IN,THIS_APPEARS_TO_BE_A_LIST_OF_RELATIONSHIPS_OR_PREDICATES_EXTRACTED_FROM_A_TEXT_LIKELY_RELATED_TO_AGRICULTURE_OR_GARDENING
0,WORKED_WITH,1,PLANTED_IN,PLANTED_IN,THIS_APPEARS_TO_BE_A_LIST_OF_RELATIONSHIPS_OR_PREDICATES_EXTRACTED_FROM_A_TEXT_LIKELY_RELATED_TO_AGRICULTURE_OR_GARDENING
0,WORKS_AS,1,PLANTED_IN,PLANTED_IN,THIS_APPEARS_TO_BE_A_LIST_OF_RELATIONSHIPS_OR_PREDICATES_EXTRACTED_FROM_A_TEXT_LIKELY_RELATED_TO_AGRICULTURE_OR_GARDENING
0,YIELDS_IN,1,PLANTED_IN,PLANTED_IN,THIS_APPEARS_TO_BE_A_LIST_OF_RELATIONSHIPS_OR_PREDICATES_EXTRACTED_FROM_A_TEXT_LIKELY_RELATED_TO_AGRICULTURE_OR_GARDENING
